DDO Code,DDO Name,Budget Code,Allotment Serial No,Allotment Date,Allotment ID,Alloted Amount,Expenditure,Surrender/Withdrwal,Deduct Amount,Balance
BLSHFW018,Medical Officer Community Health Centre Simulia Soro,12-2210-03-103-1092-01003-855-11-1-0,1,05-Jul-18,1006,500000,300000,200000,0,0
BLSHFW017,Medical Officer Community Health Centre Rupsa Balasore,12-2210-03-103-1092-01003-855-11-1-0,1,07-Jul-18,3683,1500000,75581,800000,0,624419
BLSHFW015,Medical Officer Community Health Centre Iswarpur Nilgiri,12-2210-03-110-1016-01003-156-11-1-0,2,31-Jul-18,768,50000,0,50000,0,0
BLSAGR012,Soil Chemist Balia Balasore,23-2401-00-800-1304-01003-516-11-1-0,4,25-Jul-18,3838,20000,0,20000,0,0
BLSHFW015,Medical Officer Community Health Centre Iswarpur Nilgiri,12-2210-03-110-1016-01003-136-11-1-0,1,31-Jul-18,767,500000,0,500000,0,0
BLSHFW012,Medical Officer Community Health Centre Basta,12-2210-06-001-0308-01003-855-11-1-0,1,02-Jul-18,439,150000,106644,43356,0,0
BLSHFW022,Medical Officer Community Health Centre Hatigarh Jaleswar,12-2210-06-101-2791-01003-855-11-1-0,2,05-Jul-18,405,235000,231654,3346,0,0
BLSHFW013,Medical Officer Community Health Centre Berhampur,12-2210-06-001-0308-01003-855-11-1-0,1,13-Jul-18,727,200000,153127,46873,0,0
BLSHFW015,Medical Officer Community Health Centre Iswarpur Nilgiri,12-2210-03-110-1016-01003-403-11-1-0,3,31-Jul-18,769,25000,0,25000,0,0
BLSHFW015,Medical Officer Community Health Centre Iswarpur Nilgiri,12-2210-03-110-1016-01003-523-11-1-0,4,31-Jul-18,770,5000,0,5000,0,0
BLSHFW013,Medical Officer Community Health Centre Berhampur,12-2210-03-103-1092-01003-855-11-1-0,1,10-Jul-18,726,900000,893252,6748,0,0
BLSGAD001,Superintendent of Police(Vigilance) Balasore Division,02-2062-00-105-0308-19001-000-11-1-0,1,24-Jul-18,3825,125000,0,125000,0,0
BLSGAD001,Superintendent of Police(Vigilance) Balasore Division,02-2062-00-105-0308-78113-000-11-1-0,1,24-Jul-18,3819,125000,0,125000,0,0
BLSEDN021,Head Master Subarnrekha Government High School Baliapal,10-2202-02-109-1261-01003-403-11-1-0,3,17-Jul-18,474,31000,0,0,0,31000
BLSEDN035,"Block Education Officer,Khaira",10-2202-01-102-0977-41048-921-21-1-2,12,16-Jul-18,1060,1047470,416366,0,0,631104
BLSHFW015,Medical Officer Community Health Centre Iswarpur Nilgiri,12-2210-06-101-2791-01003-516-11-1-0,1,02-Jul-18,700,9000,0,0,0,9000
BLSREV852,Sub-Collector Niligiri,03-2053-00-094-1400-01003-156-11-1-0,1,30-Jul-18,766,500000,0,0,0,500000
BLSEDN040,"Block Education Officer,Jaleswar",10-2202-01-101-0538-08001-506-11-1-0,1,19-Jul-18,427,5000,0,0,0,5000
BLSEDN003,"District Education Officer, Balasore",10-2202-02-109-1261-01003-136-11-1-0,1,13-Jul-18,3727,462872000,115085949,0,0,347786051
BLSHFW030,"Addl. District Public  Health Officer   ( VBD), Balasore",12-2210-06-101-2791-01003-516-11-1-0,1,02-Jul-18,3637,9000,0,0,0,9000
BLSEDN049,"Principal, Pancha Lingeswar College, Iswarpur",10-2202-02-110-3199-41048-921-11-1-0,1,04-Jul-18,706,1300000,882371,0,0,417629
BLSHFW012,Medical Officer Community Health Centre Basta,12-2210-06-101-2791-01003-516-11-1-0,1,02-Jul-18,441,9000,0,0,0,9000
BLSEDN041,"Block Education Officer,Balasore Sadar",10-2202-01-104-0534-08001-506-11-1-0,1,10-Jul-18,3732,35000,0,0,0,35000
BLSSSE001,"District Social Security Officer, Balasore",41-2235-60-102-2432-38008-000-23-1-2,1,21-Jul-18,3843,1369200,0,0,0,1369200
BLSWEL003,Head Master Government High School Banabhuin Nilgiri,11-2059-80-800-1909-21114-000-11-1-0,1,25-Jul-18,751,25000,12492,0,0,12508
BLSEDN002,Head Master Brajamohan Academy Kakhara Bhogarai,10-2202-02-109-1261-01003-156-11-1-0,2,17-Jul-18,272,156000,0,0,0,156000
BLSWAT003,Superintending Engineer Drainage Circle Balasore,20-4711-03-001-2955-01003-855-21-1-1,1,25-Jul-18,3834,122000,119362,0,0,2638
BLSEDN043,"Block Education Officer,Baliapal",10-2202-01-101-0556-08001-074-11-1-0,1,25-Jul-18,489,20000,0,0,0,20000
BLSHFW024,"Superintendent  SDH,  Nilgiri",12-2211-00-101-1068-01003-403-11-1-0,1,28-Jul-18,760,8604,0,0,0,8604
BLSEDN044,"Block Education Officer,Bhograi",10-2202-01-104-0534-08001-506-11-1-0,1,10-Jul-18,267,35000,0,0,0,35000
BLSEDN038,"Block Education Officer,Nilgiri",10-2202-01-101-0556-08001-074-11-1-0,1,25-Jul-18,773,20000,0,0,0,20000
BLSHFW007,Medical Officer Community Health Centre Kharia Soro,12-2210-03-103-1092-01003-136-11-1-0,1,19-Jul-18,1064,4500000,0,0,0,4500000
BLSHFW023,Principal Tutor Health Worker(Female) Training Centre,12-2210-05-105-1488-08001-397-11-1-0,6,27-Jul-18,3860,20000,0,0,0,20000
BLSEDN058,"Principal, Soro Women's College, Soro",10-2202-02-110-3208-41547-921-21-1-1,1,04-Jul-18,1002,300000,49099,0,0,250901
BLSHFW024,"Superintendent  SDH,  Nilgiri",12-2211-00-101-1068-01004-000-11-1-0,4,28-Jul-18,763,137000,0,0,0,137000
BLSEDN018,Head Master Nilambar High School Tudigadia Soro,10-2202-02-109-1261-01003-403-11-1-0,3,17-Jul-18,1035,16000,0,0,0,16000
BLSEDN033,"Block Education Officer,Soro",10-2202-01-102-0977-41641-921-21-1-2,1,13-Jul-18,1026,22200,14800,0,0,7400
BLSHFW018,Medical Officer Community Health Centre Simulia Soro,12-2210-03-103-1092-08001-154-11-1-0,4,25-Jul-18,1102,4000,0,0,0,4000
BLSAGR012,Soil Chemist Balia Balasore,23-2435-01-102-1145-01003-403-11-1-0,3,18-Jul-18,3769,29800,0,0,0,29800
BLSEDN039,"Block Education Officer,Remuna",10-2202-01-101-0538-01003-136-11-1-0,1,04-Jul-18,3653,69000000,14734750,0,0,54265250
BLSHFW025,"District Public Health Officer, Balasore-",12-2210-06-001-0308-08001-397-11-1-0,1,02-Jul-18,3620,40000,0,0,0,40000
BLSHFW007,Medical Officer Community Health Centre Kharia Soro,12-2210-03-103-1092-01003-156-11-1-0,2,19-Jul-18,1065,265000,0,0,0,265000
BLSHFW001,"Addl. District Public Health Officer,(FW) Balasore",12-2211-00-101-1068-01003-403-11-1-0,1,28-Jul-18,3871,198984,0,0,0,198984
BLSHFW018,Medical Officer Community Health Centre Simulia Soro,12-2210-03-103-1092-01003-516-11-1-0,1,25-Jul-18,1099,150000,150000,0,0,0
BLSREV850,"Collector, Balasore",15-2251-00-090-1333-01003-403-11-1-0,3,16-Jul-18,3735,10000,0,0,0,10000
BLSEDN003,"District Education Officer, Balasore",10-2202-05-102-0844-41048-922-21-1-2,1,13-Jul-18,3726,157563,0,0,0,157563
BLSWEL005,Project Director Integrated Tribal Development Agency,11-2225-80-800-1317-25009-000-11-1-0,1,04-Jul-18,722,69000,0,0,0,69000
BLSEDN022,"Principal,Government Elementary Teacher Education",10-2202-02-105-1262-78118-000-21-1-2,2,23-Jul-18,1081,50000,50000,0,0,0
BLSWEL005,Project Director Integrated Tribal Development Agency,11-2225-80-800-1317-20008-000-11-1-0,1,09-Jul-18,723,11500,0,0,0,11500
BLSEDN016,Head Master Jagannath Government High School Kamarda,10-2202-02-109-1261-01003-156-11-1-0,2,17-Jul-18,274,101000,0,0,0,101000
BLSEDN035,"Block Education Officer,Khaira",10-2202-01-101-0538-01003-516-11-1-0,1,24-Jul-18,1085,80000,0,0,0,80000
BLSAGR012,Soil Chemist Balia Balasore,23-2435-01-102-1145-01003-516-11-1-0,4,18-Jul-18,3770,4000,0,0,0,4000
BLSEDN013,Head Master Government High School Jaleswarpur Bhogarai,10-2202-02-109-1261-01003-156-11-1-0,2,17-Jul-18,273,130000,0,0,0,130000
BLSEDN033,"Block Education Officer,Soro",10-2202-01-101-0556-06001-000-11-1-0,1,31-Jul-18,1118,1000,0,0,0,1000
BLSEDN040,"Block Education Officer,Jaleswar",10-2202-01-101-0538-01003-516-11-1-0,1,24-Jul-18,429,80000,0,0,0,80000
BLSEDN042,"Block Education Officer,Basta",10-2202-01-101-0538-08001-506-11-1-0,1,19-Jul-18,481,5000,0,0,0,5000
BLSEDN021,Head Master Subarnrekha Government High School Baliapal,10-2202-02-109-1261-01003-156-11-1-0,2,17-Jul-18,471,227000,0,0,0,227000
BLSHFW014,Medical Officer Community Health Centre Gopalpur Soro,12-2210-03-103-1092-08001-154-11-1-0,1,25-Jul-18,1095,5000,0,0,0,5000
BLSSSE001,"District Social Security Officer, Balasore",41-2235-60-796-2097-38008-000-21-1-2,1,31-Jul-18,3893,19411200,0,0,0,19411200
BLSWOR001,Executive Engineer Mechanical Roads & Building Division,07-2059-80-001-0442-01004-000-11-1-0,1,27-Jul-18,3850,7000,7000,0,0,0
BLSREV850,"Collector, Balasore",42-2245-02-113-1192-29014-166-31-1-0,1,24-Jul-18,3818,190200,190200,0,0,0
BLSHFW007,Medical Officer Community Health Centre Kharia Soro,12-2210-06-101-2791-01003-156-11-1-0,2,19-Jul-18,1072,30000,0,0,0,30000
BLSHFW008,Medical Officer Community Health Centre Soro,12-2210-06-101-2791-01003-516-11-1-0,1,02-Jul-18,981,9000,0,0,0,9000
BLSEDN034,"Block Education Officer,Bahanaga",10-2202-01-101-0538-01003-136-11-1-0,1,04-Jul-18,990,53624000,0,0,0,53624000
BLSOLL001,"District Culture Officer, Balasore",43-2205-00-001-0306-08001-506-11-1-0,1,13-Jul-18,3721,5000,0,0,0,5000
BLSHFW006,"District Ayurveda Medical Officer,Balasore Circle Balasore",12-2210-02-103-0646-78394-000-21-1-1,1,12-Jul-18,3709,2000,2000,0,0,0
BLSEDN034,"Block Education Officer,Bahanaga",10-2202-01-101-0538-01003-516-11-1-0,1,24-Jul-18,1084,80000,0,0,0,80000
BLSEDN035,"Block Education Officer,Khaira",10-2202-01-101-0538-01003-523-11-1-0,4,04-Jul-18,1000,13000,0,0,0,13000
BLSEDN003,"District Education Officer, Balasore",10-2202-80-003-1067-18022-519-21-1-2,1,20-Jul-18,3794,27500,0,0,0,27500
BLSPRD004,E.E. RWSS Divn.Balasore,17-2215-01-001-0457-08001-506-11-1-0,1,04-Jul-18,3648,1000,0,0,0,1000
BLSHFW002,"Chief District Medical & Public Health Officer, Balasore",12-2210-01-001-0308-08001-397-11-1-0,5,20-Jul-18,3806,5000,0,0,0,5000
BLSHFW007,Medical Officer Community Health Centre Kharia Soro,12-2210-06-001-0308-01003-136-11-1-0,1,19-Jul-18,1069,545000,0,0,0,545000
BLSHFW018,Medical Officer Community Health Centre Simulia Soro,12-2210-03-103-1092-06001-000-11-1-0,2,25-Jul-18,1100,20000,20000,0,0,0
BLSEDN003,"District Education Officer, Balasore",10-2202-02-800-3308-17002-000-21-1-2,1,23-Jul-18,3811,600000,0,0,0,600000
BLSAGR012,Soil Chemist Balia Balasore,23-2435-01-102-1145-01003-136-11-1-0,1,18-Jul-18,3767,970600,0,0,0,970600
BLSHFW022,Medical Officer Community Health Centre Hatigarh Jaleswar,12-2210-06-001-0308-01004-000-11-1-0,4,04-Jul-18,391,1350000,0,0,0,1350000
BLSEDN013,Head Master Government High School Jaleswarpur Bhogarai,10-2202-02-109-1261-01003-403-11-1-0,3,17-Jul-18,276,31000,0,0,0,31000
BLSLEM003,District Labour Officer Balasore,14-2230-01-001-0308-06001-000-11-1-0,2,21-Jul-18,3796,5000,0,0,0,5000
BLSEDN035,"Block Education Officer,Khaira",10-2202-01-101-0538-08001-074-11-1-0,1,17-Jul-18,1047,5500,0,0,0,5500
BLSREV019,Tahasildar Balasore,03-2029-00-104-1448-01003-156-11-1-0,1,07-Jul-18,3677,600000,394224,0,0,205776
BLSEDN055,"Principal , Jaleswar Women's (Junior) College, Jaleswar",10-2202-02-110-3199-41048-921-11-1-0,1,04-Jul-18,396,974067,446522,0,0,527545
BLSEDN035,"Block Education Officer,Khaira",10-2202-01-101-0556-08001-074-11-1-0,1,25-Jul-18,1109,9000,0,0,0,9000
BLSEDN040,"Block Education Officer,Jaleswar",10-2202-01-104-0534-08001-506-11-1-0,1,10-Jul-18,415,35000,0,0,0,35000
BLSHOM008,Superintendent of Police Balasore,01-2055-00-101-0534-19001-000-11-1-0,1,28-Jul-18,3873,60000,60000,0,0,0
BLSHFW022,Medical Officer Community Health Centre Hatigarh Jaleswar,12-2210-80-004-1364-01003-855-11-1-0,1,04-Jul-18,392,70000,50305,0,0,19695
BLSHFW014,Medical Officer Community Health Centre Gopalpur Soro,12-2210-03-103-1092-01003-516-11-1-0,1,25-Jul-18,1089,180000,180000,0,0,0
BLSHFW015,Medical Officer Community Health Centre Iswarpur Nilgiri,12-2210-03-103-1092-08001-506-11-1-0,4,25-Jul-18,756,50000,0,0,0,50000
BLSEDN033,"Block Education Officer,Soro",10-2202-01-101-0538-01003-516-11-1-0,1,24-Jul-18,1083,80000,0,0,0,80000
BLSHFW018,Medical Officer Community Health Centre Simulia Soro,12-2210-03-110-1016-01003-523-11-1-0,1,24-Jul-18,1082,70000,0,0,0,70000
BLSEDN042,"Block Education Officer,Basta",10-2202-01-101-0538-01003-403-11-1-0,3,04-Jul-18,450,858000,202551,0,0,655449
BLSHFW001,"Addl. District Public Health Officer,(FW) Balasore",12-2211-00-001-1351-01003-855-21-1-2,1,12-Jul-18,3711,139600,61526,0,0,78074
BLSEDN041,"Block Education Officer,Balasore Sadar",10-2202-01-104-0534-08001-074-11-1-0,1,02-Jul-18,3720,20000,0,0,0,20000
BLSHOM001,Commandant Home Guards Balasore,01-2052-00-090-0640-01003-560-11-1-0,1,13-Jul-18,3714,180000,0,0,0,180000
BLSFAR002,Chief District Veterinary Officer Balasore,33-2403-00-796-2495-20002-000-21-1-2,3,11-Jul-18,3698,10000,0,0,0,10000
BLSSSE001,"District Social Security Officer, Balasore",41-2235-60-102-2097-38008-000-21-1-2,1,24-Jul-18,3821,3706800,0,0,0,3706800
BLSREV850,"Collector, Balasore",42-2245-02-111-2792-29014-823-31-1-0,1,13-Jul-18,3716,400000,400000,0,0,0
BLSHFW025,"District Public Health Officer, Balasore-",12-2210-06-001-0308-08001-506-11-1-0,2,02-Jul-18,3622,10000,0,0,0,10000
BLSREV851,Sub-Collector Balasore,03-2053-00-094-1400-08001-154-11-1-0,1,20-Jul-18,3777,35315,0,0,0,35315
BLSSSE001,"District Social Security Officer, Balasore",41-2235-60-789-2432-38008-000-23-1-2,1,24-Jul-18,3844,388200,0,0,0,388200
BLSREV024,Tahasildar Baliapal Basta,03-2029-00-104-1448-01003-156-11-1-0,1,07-Jul-18,457,400000,74974,0,0,325026
BLSHFW006,"District Ayurveda Medical Officer,Balasore Circle Balasore",12-2210-04-101-0646-78394-000-21-1-1,1,12-Jul-18,3705,43000,43000,0,0,0
BLSEDN044,"Block Education Officer,Bhograi",10-2202-01-101-0538-08001-074-11-1-0,1,17-Jul-18,280,5500,0,0,0,5500
BLSHFW004,Health Officer Balasore MunicipalityBalasore,12-2210-06-001-0308-08001-506-11-1-0,1,02-Jul-18,3621,10000,0,0,0,10000
BLSEDN027,Head Mistress Government Girls High School Remuna,10-2202-02-109-1261-01003-403-11-1-0,3,17-Jul-18,3753,38000,0,0,0,38000
BLSHFW002,"Chief District Medical & Public Health Officer, Balasore",12-2210-01-001-0308-06001-000-11-1-0,2,20-Jul-18,3803,3000,0,0,0,3000
BLSRDD004,"Executive Engineer, Rural Works Division-II, Balasore",28-2059-80-001-0453-01003-855-11-1-0,1,30-Jul-18,3887,1005000,829277,0,0,175723
BLSEDN041,"Block Education Officer,Balasore Sadar",10-2202-01-101-0538-01003-516-11-1-0,1,24-Jul-18,3832,80000,0,0,0,80000
BLSEDN036,"Block Education Officer,Simulia",10-2202-01-101-0538-01003-516-11-1-0,1,24-Jul-18,1086,80000,0,0,0,80000
BLSHFW015,Medical Officer Community Health Centre Iswarpur Nilgiri,12-2210-06-101-2791-01003-136-11-1-0,1,19-Jul-18,741,450000,0,0,0,450000
BLSEDN003,"District Education Officer, Balasore",10-2202-05-102-0844-41048-921-11-1-0,1,13-Jul-18,3715,1444821,676448,0,0,768373
BLSEDN044,"Block Education Officer,Bhograi",10-2202-01-104-0534-08001-074-11-1-0,1,02-Jul-18,262,20000,0,0,0,20000
BLSHFW032,"Superintendent, Government Medical College & Hospital,",12-2210-01-110-3182-78393-000-21-1-1,1,02-Jul-18,3618,200000,0,0,0,200000
BLSHFW007,Medical Officer Community Health Centre Kharia Soro,12-2210-06-001-0308-01003-855-11-1-0,1,13-Jul-18,1027,200000,0,0,0,200000
BLSAGR012,Soil Chemist Balia Balasore,23-2401-00-800-1304-01003-156-11-1-0,2,25-Jul-18,3836,298800,0,0,0,298800
BLSEDN050,"Principal, Chintamani Jena Mahila Mahavidyalaya,",10-2202-02-110-3199-41048-921-11-1-0,1,04-Jul-18,444,1169164,797255,0,0,371909
BLSHFW014,Medical Officer Community Health Centre Gopalpur Soro,12-2210-03-103-1092-08001-074-11-1-0,3,25-Jul-18,1093,300000,0,0,0,300000
BLSEDN001,Assistant Superintendent of Sanskrit Studies Balasore,10-2202-05-103-1406-01003-156-11-1-0,2,18-Jul-18,3773,33000,2254,0,0,30746
BLSEDN035,"Block Education Officer,Khaira",10-2202-01-102-0977-41048-921-21-1-2,7,16-Jul-18,1055,80000,80000,0,0,0
BLSHOM008,Superintendent of Police Balasore,01-2055-00-109-3086-06001-000-11-1-0,2,20-Jul-18,3779,14700,0,0,0,14700
BLSEDN043,"Block Education Officer,Baliapal",10-2202-01-102-0977-41048-921-11-1-0,1,05-Jul-18,456,5124744,3353808,0,0,1770936
BLSEDN020,Head Master Sambunth High School Basta,10-2202-02-109-1261-01003-156-11-1-0,2,17-Jul-18,472,182000,0,0,0,182000
BLSHFW012,Medical Officer Community Health Centre Basta,12-2210-03-103-1092-24002-000-21-1-1,1,02-Jul-18,436,500000,325500,0,0,174500
BLSHFW023,Principal Tutor Health Worker(Female) Training Centre,12-2210-05-105-1488-06001-000-11-1-0,2,27-Jul-18,3856,10000,0,0,0,10000
BLSHFW013,Medical Officer Community Health Centre Berhampur,12-2210-06-101-2791-01003-516-11-1-0,1,02-Jul-18,699,9000,0,0,0,9000
BLSWCD009,District Social Welfare Officer Balasore,36-2235-02-789-0731-53003-000-23-1-2,1,20-Jul-18,3792,20073000,20073000,0,0,0
BLSPRD804,Block Development Officer Bhogarai,17-3604-00-197-3098-78606-000-42-1-0,1,05-Jul-18,261,569640,0,0,0,569640
BLSWEL001,District Welfare Officer Balasore,11-2225-80-800-1317-20008-000-11-1-0,1,07-Jul-18,3685,27000,0,0,0,27000
BLSREV850,"Collector, Balasore",42-2245-02-111-2792-78585-000-31-1-0,1,24-Jul-18,3817,400000,400000,0,0,0
BLSIPR001,District Information & Public Relations Officer Balasore,25-2250-00-800-1310-78072-000-21-1-1,1,12-Jul-18,3704,305000,90000,0,0,215000
BLSEDN035,"Block Education Officer,Khaira",10-2202-01-102-0977-41048-921-21-1-2,4,16-Jul-18,1052,68546,68546,0,0,0
BLSSUP002,District Civil Supply Officer Balasore,09-2408-01-101-1162-01003-156-11-1-0,2,10-Jul-18,3692,54000,0,0,0,54000
BLSHFW018,Medical Officer Community Health Centre Simulia Soro,12-2210-03-103-1092-24002-000-21-1-1,7,25-Jul-18,1105,100000,99950,0,0,50
BLSREV850,"Collector, Balasore",42-2245-02-111-2792-78585-000-31-1-0,1,02-Jul-18,3616,400000,400000,0,0,0
BLSPRD804,Block Development Officer Bhogarai,17-2515-00-102-3028-01003-156-42-1-0,2,13-Jul-18,265,467000,58019,0,0,408981
BLSHFW007,Medical Officer Community Health Centre Kharia Soro,12-2210-03-103-1092-08001-506-11-1-0,4,25-Jul-18,1097,40000,0,0,0,40000
BLSEDN051,"Principal, Anandamayee Women's College , Dahamunda",10-2202-02-110-3199-41048-921-11-1-0,1,04-Jul-18,394,1385568,893256,0,0,492312
BLSEDN043,"Block Education Officer,Baliapal",10-2202-01-104-0534-08001-506-11-1-0,1,10-Jul-18,467,35000,0,0,0,35000
BLSHFW019,Medical Officer Community Health Centre Baliapal Basta,12-2210-06-001-0308-01003-855-11-1-0,1,10-Jul-18,464,123000,122923,0,0,77
BLSEDN036,"Block Education Officer,Simulia",10-2202-01-102-0977-41048-921-21-1-2,1,17-Jul-18,1040,1003518,420642,0,0,582876
BLSEDN038,"Block Education Officer,Nilgiri",10-2202-01-101-0538-01003-855-11-1-0,1,02-Jul-18,695,6043795,4927135,0,0,1116660
BLSEDN003,"District Education Officer, Balasore",10-2202-02-800-3307-17002-000-21-1-2,1,23-Jul-18,3813,6850000,0,0,0,6850000
BLSHFW007,Medical Officer Community Health Centre Kharia Soro,12-2210-03-103-1092-06001-000-11-1-0,2,25-Jul-18,1092,80000,0,0,0,80000
BLSEDN041,"Block Education Officer,Balasore Sadar",10-2202-01-101-0538-06001-000-11-1-0,1,17-Jul-18,3764,800,0,0,0,800
BLSFAR002,Chief District Veterinary Officer Balasore,33-2403-00-800-2324-78196-000-21-1-2,3,11-Jul-18,3701,12000,0,0,0,12000
BLSHFW015,Medical Officer Community Health Centre Iswarpur Nilgiri,12-2210-06-101-2791-01003-156-11-1-0,2,19-Jul-18,742,20000,0,0,0,20000
BLSREV850,"Collector, Balasore",42-2245-02-101-0922-33013-000-31-1-0,1,02-Jul-18,3614,2000,2000,0,0,0
BLSEDN030,Principal Dist Institute of Education & Training Remuna,10-2202-80-789-2915-01003-403-23-1-2,3,16-Jul-18,3741,15000,0,0,0,15000
BLSIPR001,District Information & Public Relations Officer Balasore,25-2220-60-106-1128-08001-506-21-1-1,1,18-Jul-18,3771,15000,0,0,0,15000
BLSEDN023,"Principal,Government Elementary Teacher Education",10-2202-02-105-1262-78118-000-21-1-2,2,23-Jul-18,484,50000,0,0,0,50000
BLSFAR002,Chief District Veterinary Officer Balasore,33-2403-00-107-0508-20002-000-11-1-0,1,07-Jul-18,3680,3100,0,0,0,3100
BLSHFW018,Medical Officer Community Health Centre Simulia Soro,12-2210-03-796-1092-24002-000-21-1-1,9,25-Jul-18,1107,100000,0,0,0,100000
BLSREV029,"Additional Sub-Collector,Balasore",03-2506-00-102-0483-08001-506-11-1-0,1,30-Jul-18,3881,40000,0,0,0,40000
BLSHFW020,Medical Officer Community Health Centre Jaleswarpur,12-2210-03-103-1092-08001-397-11-1-0,4,21-Jul-18,285,50000,0,0,0,50000
BLSHFW017,Medical Officer Community Health Centre Rupsa Balasore,12-2210-03-103-1092-24002-000-21-1-1,5,21-Jul-18,3801,50000,0,0,0,50000
BLSEDN035,"Block Education Officer,Khaira",10-2202-01-102-0977-41048-921-21-1-2,9,16-Jul-18,1057,115328,115328,0,0,0
BLSEDN039,"Block Education Officer,Remuna",10-2202-01-101-0538-01003-403-11-1-0,3,04-Jul-18,3657,1177000,236739,0,0,940261
BLSEDN043,"Block Education Officer,Baliapal",10-2202-01-101-0556-06001-000-11-1-0,1,31-Jul-18,491,1000,0,0,0,1000
BLSEDN043,"Block Education Officer,Baliapal",10-2202-01-101-0538-08001-506-11-1-0,1,19-Jul-18,482,5000,0,0,0,5000
BLSHFW014,Medical Officer Community Health Centre Gopalpur Soro,12-2210-06-101-2791-06001-000-11-1-0,2,02-Jul-18,986,16000,15500,0,0,500
BLSFAR009,"Deputy Director of Fisheries (Balasore Zone), Balasore",33-2405-00-001-1601-01003-403-11-1-0,1,30-Jul-18,3879,4000,2978,0,0,1022
BLSHFW008,Medical Officer Community Health Centre Soro,12-2210-06-101-2791-01003-156-11-1-0,2,05-Jul-18,1005,144000,0,0,0,144000
BLSREV850,"Collector, Balasore",42-2245-02-101-0922-15005-000-31-1-0,1,24-Jul-18,3815,3600,0,0,0,3600
BLSEDN017,Head Master Kailash Chandra Government High School,10-2202-02-109-1261-01003-136-11-1-0,1,17-Jul-18,729,3884000,0,0,0,3884000
BLSLAW003,Judicial Magistrate First Class Jaleswar,04-2014-00-105-0145-01003-156-11-1-0,3,16-Jul-18,413,5000,1128,0,0,3872
BLSHFW007,Medical Officer Community Health Centre Kharia Soro,12-2210-03-103-1092-01003-403-11-1-0,3,19-Jul-18,1066,60000,0,0,0,60000
BLSHFW024,"Superintendent  SDH,  Nilgiri",12-2211-00-101-1068-01003-855-11-1-0,3,28-Jul-18,762,92600,92558,0,0,42
BLSEDN035,"Block Education Officer,Khaira",10-2202-01-102-0977-41048-921-21-1-2,11,16-Jul-18,1059,419255,419255,0,0,0
BLSPRD801,Block Development Officer Bahanaga,17-3604-00-197-3098-78606-000-42-1-0,1,05-Jul-18,1021,276360,0,0,0,276360
BLSEDN041,"Block Education Officer,Balasore Sadar",10-2202-01-104-0534-01003-516-11-1-0,1,16-Jul-18,3738,6000,0,0,0,6000
BLSHUD001,Executive Officer Balasore Municipality Balasore,13-2217-05-800-2132-78347-000-21-1-1,1,31-Jul-18,3889,1500000,1500000,0,0,0
BLSFAR005,Farm Officer Veterinary Livestock Breeding and Dairy Farm,33-2404-00-796-1383-20002-000-21-1-1,3,25-Jul-18,3842,350000,0,0,0,350000
BLSEDN018,Head Master Nilambar High School Tudigadia Soro,10-2202-02-109-1261-01003-156-11-1-0,2,17-Jul-18,1032,153000,0,0,0,153000
BLSEDN040,"Block Education Officer,Jaleswar",10-2202-01-101-0538-01003-136-11-1-0,1,04-Jul-18,398,58930000,14113900,0,0,44816100
BLSPRD811,Block Development Officer Soro,17-3604-00-197-3098-78606-000-42-1-0,1,05-Jul-18,1024,276360,0,0,0,276360
BLSHFW002,"Chief District Medical & Public Health Officer, Balasore",12-2210-01-001-0308-01003-516-11-1-0,1,20-Jul-18,3802,6000,0,0,0,6000
BLSEDN044,"Block Education Officer,Bhograi",10-2202-01-102-0977-41048-921-21-1-2,1,17-Jul-18,278,3643251,0,0,0,3643251
BLSREV850,"Collector, Balasore",42-2245-02-101-0922-33013-000-31-1-0,1,20-Jul-18,3786,10000,10000,0,0,0
BLSEDN016,Head Master Jagannath Government High School Kamarda,10-2202-02-109-1261-01003-403-11-1-0,3,17-Jul-18,277,29000,0,0,0,29000
BLSAGR013,"Project Director, Watersheds, Balasore",23-2402-00-102-1296-08001-506-11-1-0,7,02-Jul-18,3634,30000,8960,0,0,21040
BLSHFW023,Principal Tutor Health Worker(Female) Training Centre,12-2210-05-105-1488-18034-000-11-1-0,8,27-Jul-18,3862,150000,0,0,0,150000
BLSEDN041,"Block Education Officer,Balasore Sadar",10-2202-01-101-0538-01003-403-11-1-0,3,04-Jul-18,3658,1900000,125124,0,0,1774876
BLSEDN015,Head Master Government High School Lakhamnath Jaleswar,10-2202-02-109-1261-01003-523-11-1-0,2,17-Jul-18,424,1439,0,0,0,1439
BLSREV850,"Collector, Balasore",42-2245-02-111-2792-78581-000-31-1-0,1,13-Jul-18,3717,800000,800000,0,0,0
BLSEDN038,"Block Education Officer,Nilgiri",10-2202-01-101-0538-08001-506-11-1-0,1,19-Jul-18,744,5000,0,0,0,5000
BLSEDN041,"Block Education Officer,Balasore Sadar",10-2202-01-104-0534-06001-000-11-1-0,1,03-Jul-18,3723,10000,0,0,0,10000
BLSEDN040,"Block Education Officer,Jaleswar",10-2202-01-104-0534-06001-000-11-1-0,1,03-Jul-18,410,10000,0,0,0,10000
BLSWEL001,District Welfare Officer Balasore,11-2225-01-277-2365-20002-000-21-1-1,1,13-Jul-18,3713,3447000,0,0,0,3447000
BLSHFW026,"Medical Officer I/c, G.K.B. Government Hospital, Jaleswar,",12-2210-03-103-1092-01003-516-11-1-0,1,25-Jul-18,431,25000,0,0,0,25000
BLSHOM005,District Probation Officer(Aftercare Service) Balasore,01-2235-02-106-1104-08001-506-11-1-0,3,28-Jul-18,3870,10000,0,0,0,10000
BLSEDN043,"Block Education Officer,Baliapal",10-2202-01-102-0977-41048-921-21-1-2,1,17-Jul-18,477,3628372,0,0,0,3628372
BLSWCD009,District Social Welfare Officer Balasore,36-2236-02-796-3341-20002-000-23-1-2,1,03-Jul-18,3646,89262,0,0,0,89262
BLSHFW012,Medical Officer Community Health Centre Basta,12-2210-03-796-1092-24002-000-21-1-1,3,02-Jul-18,438,250000,0,0,0,250000
BLSHFW017,Medical Officer Community Health Centre Rupsa Balasore,12-2210-03-103-1092-01003-516-11-1-0,1,21-Jul-18,3797,50000,0,0,0,50000
BLSEDN034,"Block Education Officer,Bahanaga",10-2202-01-101-0556-06001-000-11-1-0,1,31-Jul-18,1119,1000,0,0,0,1000
BLSEDN040,"Block Education Officer,Jaleswar",10-2202-01-101-0538-01003-523-11-1-0,4,04-Jul-18,401,19360,190,0,0,19170
BLSFAR007,Sub-Divisional Veterinary Officer Nilgiri,33-3451-00-090-0499-01003-560-11-1-0,1,02-Jul-18,697,90000,0,0,0,90000
BLSEDN036,"Block Education Officer,Simulia",10-2202-01-101-0538-01003-403-11-1-0,3,07-Jul-18,1017,571000,126461,0,0,444539
BLSSSE001,"District Social Security Officer, Balasore",41-2235-60-796-2097-38008-000-21-1-2,1,24-Jul-18,3823,1421400,0,0,0,1421400
BLSEDN001,Assistant Superintendent of Sanskrit Studies Balasore,10-2202-05-103-1406-08001-506-11-1-0,4,18-Jul-18,3775,1000,0,0,0,1000
BLSHFW014,Medical Officer Community Health Centre Gopalpur Soro,12-2210-03-103-1092-08001-506-11-1-0,4,25-Jul-18,1096,60000,56967,0,0,3033
BLSEDN027,Head Mistress Government Girls High School Remuna,10-2202-02-109-1261-01003-156-11-1-0,2,17-Jul-18,3746,115000,0,0,0,115000
BLSEDN037,"Block Education Officer,Oupada",10-2202-01-101-0556-08001-074-11-1-0,1,25-Jul-18,772,9000,0,0,0,9000
BLSEDN044,"Block Education Officer,Bhograi",10-2202-01-102-0977-41048-921-11-1-0,1,05-Jul-18,257,4347792,2355042,0,0,1992750
BLSEDN045,Principal Oupada College Oupada Nilgiri,10-2202-02-110-3199-41048-921-11-1-0,1,04-Jul-18,705,1725441,1154827,0,0,570614
BLSAGR012,Soil Chemist Balia Balasore,23-2401-00-800-1304-01003-136-11-1-0,1,25-Jul-18,3835,3330800,0,0,0,3330800
BLSHFW016,Medical Officer Community Health Centre Remuna Balasore,12-2210-03-110-1016-01003-523-11-1-0,1,31-Jul-18,3888,5000,225,0,0,4775
BLSEDN057,"Principal, Sadhu Charan Mahavidyalaya,Raibania",10-2202-02-110-3199-41048-921-11-1-0,1,04-Jul-18,397,1077486,0,0,0,1077486
BLSHOM005,District Probation Officer(Aftercare Service) Balasore,01-2235-02-106-1104-01003-156-11-1-0,2,28-Jul-18,3869,47500,7000,0,0,40500
BLSREV850,"Collector, Balasore",42-2245-02-113-1192-29014-166-31-1-0,1,02-Jul-18,3617,95100,95100,0,0,0
BLSEDN040,"Block Education Officer,Jaleswar",10-2202-01-101-0556-06001-000-11-1-0,1,31-Jul-18,441,1000,0,0,0,1000
BLSEDN042,"Block Education Officer,Basta",10-2202-01-101-0538-01003-523-11-1-0,4,04-Jul-18,452,17000,3355,0,0,13645
BLSEDN042,"Block Education Officer,Basta",10-2202-01-101-0556-06001-000-11-1-0,1,31-Jul-18,490,1000,0,0,0,1000
BLSPRD812,Block Development Officer Sadar Balasore,17-3604-00-197-3098-78606-000-42-1-0,1,05-Jul-18,3688,423000,0,0,0,423000
BLSWEL001,District Welfare Officer Balasore,11-2225-02-277-2367-20002-000-21-1-1,1,12-Jul-18,3712,1274700,0,0,0,1274700
BLSREV022,Tahasildar Simulia Soro,03-2029-00-104-1448-01003-156-11-1-0,1,07-Jul-18,1012,500000,48766,0,0,451234
BLSEDN043,"Block Education Officer,Baliapal",10-2202-01-104-0534-01003-516-11-1-0,1,16-Jul-18,468,6000,0,0,0,6000
BLSLAW004,Registrar Civil Court Balasore,04-2014-00-105-0145-08001-506-11-1-0,1,19-Jul-18,3776,20000,11904,0,0,8096
BLSPCD003,Deputy Director (Planning & Statistics) District Planning &,16-2401-00-111-0396-08001-397-22-1-1,2,28-Jul-18,3865,30000,0,0,0,30000
BLSREV023,Tahasildar Soro,03-2029-00-104-1448-01003-156-11-1-0,1,07-Jul-18,1013,400000,0,0,0,400000
BLSEDN033,"Block Education Officer,Soro",10-2202-01-101-0538-01003-403-11-1-0,3,04-Jul-18,995,882000,223945,0,0,658055
BLSHOM008,Superintendent of Police Balasore,01-2055-00-109-3086-06001-000-11-1-0,1,20-Jul-18,3778,25300,10647,0,0,14653
BLSSSE001,"District Social Security Officer, Balasore",41-2235-60-789-2097-38008-000-21-1-2,1,28-Jul-18,3875,939000,0,0,0,939000
BLSEDN039,"Block Education Officer,Remuna",10-2202-01-104-0534-01003-516-11-1-0,1,16-Jul-18,3737,6000,0,0,0,6000
BLSHFW007,Medical Officer Community Health Centre Kharia Soro,12-2210-03-103-1092-01003-855-11-1-0,5,19-Jul-18,1068,50000,0,0,0,50000
BLSFAR006,Sub-Divisional Veterinary Officer Balasore,33-3451-00-090-0499-01003-560-11-1-0,1,02-Jul-18,3626,200000,0,0,0,200000
BLSHFW029,"Addl. District Public  Health Officer  ( Leprosy),  Balasore",12-2210-06-101-0816-01003-855-11-1-0,1,04-Jul-18,3647,20000,0,0,0,20000
BLSHFW022,Medical Officer Community Health Centre Hatigarh Jaleswar,12-2210-03-110-1016-01003-403-11-1-0,2,04-Jul-18,385,36000,0,0,0,36000
BLSHFW001,"Addl. District Public Health Officer,(FW) Balasore",12-2211-00-001-0316-01003-403-21-1-2,1,12-Jul-18,3706,201000,0,0,0,201000
BLSAGR010,District Agriculture Officer Balasore,23-2401-00-001-1159-01003-156-11-1-0,1,24-Jul-18,3830,200000,0,0,0,200000
BLSREV026,"Tahasildar Khaira, Dist. Balasore",03-2029-00-104-1448-01003-156-11-1-0,1,07-Jul-18,1011,300000,97290,0,0,202710
BLSFAR002,Chief District Veterinary Officer Balasore,33-2403-00-101-2489-20002-000-21-1-2,1,04-Jul-18,3650,45000,0,0,0,45000
BLSHFW023,Principal Tutor Health Worker(Female) Training Centre,12-2210-05-105-1488-01003-516-11-1-0,1,27-Jul-18,3855,20000,0,0,0,20000
BLSEDN051,"Principal, Anandamayee Women's College , Dahamunda",10-2202-02-110-3208-41547-921-21-1-1,1,04-Jul-18,402,240000,0,0,0,240000
BLSHFW015,Medical Officer Community Health Centre Iswarpur Nilgiri,12-2210-06-001-0308-01003-156-11-1-0,2,19-Jul-18,740,50000,0,0,0,50000
BLSEDN003,"District Education Officer, Balasore",10-2202-02-110-0984-41048-922-21-1-2,1,05-Jul-18,3666,10653200,0,0,0,10653200
BLSEDN046,Principal Srinibas College Mangalpur Soro,10-2202-02-110-3199-41048-921-11-1-0,1,04-Jul-18,987,1624929,1082560,0,0,542369
BLSSUP001,Assistant Controller Legal Metrology Balasore Zone,09-3475-00-106-0485-08001-074-11-1-0,5,06-Jul-18,3675,10000,0,0,0,10000
BLSEDN003,"District Education Officer, Balasore",10-2202-02-800-2792-29014-000-21-1-2,1,04-Jul-18,3663,30000,0,0,0,30000
BLSHFW022,Medical Officer Community Health Centre Hatigarh Jaleswar,12-2210-06-001-0308-01003-403-11-1-0,3,04-Jul-18,390,26000,0,0,0,26000
BLSHFW022,Medical Officer Community Health Centre Hatigarh Jaleswar,12-2210-06-001-0308-01004-000-11-1-0,1,04-Jul-18,383,1000000,345924,0,0,654076
BLSEDN035,"Block Education Officer,Khaira",10-2202-01-102-0977-41048-921-21-1-2,2,16-Jul-18,1050,19267,19267,0,0,0
BLSPRD805,Block Development Officer Jaleswar,11-2225-02-794-0222-41078-908-23-1-2,1,26-Jul-18,440,350000,0,0,0,350000
BLSEDN040,"Block Education Officer,Jaleswar",10-2202-01-101-0538-06001-000-11-1-0,1,17-Jul-18,426,800,0,0,0,800
BLSHFW020,Medical Officer Community Health Centre Jaleswarpur,12-2210-03-103-1092-01003-516-11-1-0,1,21-Jul-18,282,65000,0,0,0,65000
BLSHFW031,"Dean and Principal , Government Medical College &",12-2210-05-105-3183-01003-516-11-1-0,1,18-Jul-18,3765,183333,0,0,0,183333
BLSEDN044,"Block Education Officer,Bhograi",10-2202-01-101-0556-06001-000-11-1-0,1,31-Jul-18,289,1000,0,0,0,1000
BLSEDN003,"District Education Officer, Balasore",10-2202-02-109-1261-01003-523-11-1-0,4,13-Jul-18,3730,62000,0,0,0,62000
BLSEDN046,Principal Srinibas College Mangalpur Soro,10-2202-02-110-3208-41547-921-21-1-1,1,04-Jul-18,1001,242484,161656,0,0,80828
BLSEDN040,"Block Education Officer,Jaleswar",10-2202-01-101-0538-01003-156-11-1-0,2,04-Jul-18,399,4125000,0,0,0,4125000
BLSFAR002,Chief District Veterinary Officer Balasore,33-2403-00-796-2324-78196-000-21-1-2,2,11-Jul-18,3700,10000,0,0,0,10000
BLSHFW022,Medical Officer Community Health Centre Hatigarh Jaleswar,12-2210-06-101-2791-06001-000-11-1-0,2,02-Jul-18,378,5667,0,0,0,5667
BLSEDN035,"Block Education Officer,Khaira",10-2202-01-102-0977-41048-921-21-1-2,5,16-Jul-18,1053,33017,33017,0,0,0
BLSHFW020,Medical Officer Community Health Centre Jaleswarpur,12-2210-06-001-0308-01003-855-11-1-0,1,05-Jul-18,256,60000,49646,0,0,10354
BLSHFW023,Principal Tutor Health Worker(Female) Training Centre,12-2210-05-105-1488-32004-000-11-1-0,9,27-Jul-18,3863,15000,0,0,0,15000
BLSEDN060,"Principal, Anchalika Mahavidyalaya,Ajodhya",10-2202-02-110-3208-41547-921-21-1-1,1,04-Jul-18,717,1556610,1037740,0,0,518870
BLSEDN002,Head Master Brajamohan Academy Kakhara Bhogarai,10-2202-02-109-1261-01003-403-11-1-0,3,17-Jul-18,275,41000,4887,0,0,36113
BLSAGR012,Soil Chemist Balia Balasore,23-2401-00-800-1304-01004-000-11-1-0,5,25-Jul-18,3839,55100,0,0,0,55100
BLSHFW004,Health Officer Balasore MunicipalityBalasore,12-2210-03-103-1092-01003-403-11-1-0,1,03-Jul-18,3643,10000,5720,0,0,4280
BLSREV018,Tahalsidar Jaleswar,03-2029-00-104-1448-01003-156-11-1-0,1,07-Jul-18,407,200000,58255,0,0,141745
BLSREV029,"Additional Sub-Collector,Balasore",03-2506-00-102-0483-08001-506-11-1-0,1,30-Jul-18,3880,40000,0,0,0,40000
BLSEDN037,"Block Education Officer,Oupada",10-2202-01-101-0538-01003-403-11-1-0,3,04-Jul-18,711,352000,67684,0,0,284316
BLSEDN045,Principal Oupada College Oupada Nilgiri,10-2202-02-110-3208-41547-921-21-1-1,1,04-Jul-18,715,221800,147378,0,0,74422
BLSLAW007,"Judge,Family Court, Balasore",04-2052-00-090-0808-01003-560-11-1-0,1,04-Jul-18,3649,135000,0,0,0,135000
BLSSUP002,District Civil Supply Officer Balasore,09-2408-01-101-1162-01003-855-11-1-0,1,24-Jul-18,3824,252000,0,0,0,252000
BLSFAR002,Chief District Veterinary Officer Balasore,33-2403-00-789-2324-78196-000-21-1-2,1,11-Jul-18,3699,10000,0,0,0,10000
BLSSSE001,"District Social Security Officer, Balasore",41-2235-60-102-2097-38008-000-21-1-2,1,31-Jul-18,3891,50639400,0,0,0,50639400
BLSEDN039,"Block Education Officer,Remuna",10-2202-01-102-0977-41048-921-21-1-2,1,17-Jul-18,3761,1114368,729431,0,0,384937
BLSAGR013,"Project Director, Watersheds, Balasore",23-2402-00-001-0618-01003-855-11-1-0,1,26-Jul-18,3847,256555,0,0,0,256555
BLSHFW016,Medical Officer Community Health Centre Remuna Balasore,12-2210-06-101-2791-06001-000-11-1-0,2,02-Jul-18,3639,6000,0,0,0,6000
BLSEDN044,"Block Education Officer,Bhograi",10-2202-01-104-0534-01003-516-11-1-0,1,16-Jul-18,268,6000,0,0,0,6000
BLSEDN059,"Principal, Berhampur College,Raj Berhampur",10-2202-02-110-3208-41547-921-21-1-1,1,04-Jul-18,716,2417292,164263,0,0,2253029
BLSEDN033,"Block Education Officer,Soro",10-2202-01-101-0538-08001-506-11-1-0,1,19-Jul-18,1074,5000,0,0,0,5000
BLSHFW023,Principal Tutor Health Worker(Female) Training Centre,12-2210-05-105-1488-08001-506-11-1-0,7,27-Jul-18,3861,60000,0,0,0,60000
BLSEDN034,"Block Education Officer,Bahanaga",10-2202-01-101-0538-06001-000-11-1-0,1,17-Jul-18,1042,800,0,0,0,800
BLSEDN011,Head Master Balasore Zilla School Balasore,10-2202-02-109-1261-01003-156-11-1-0,2,17-Jul-18,3748,666000,0,0,0,666000
BLSHFW007,Medical Officer Community Health Centre Kharia Soro,12-2210-03-103-1092-01003-516-11-1-0,1,25-Jul-18,1090,162000,0,0,0,162000
BLSREV850,"Collector, Balasore",15-2251-00-090-1333-01003-156-11-1-0,2,16-Jul-18,3734,26000,0,0,0,26000
BLSEDN044,"Block Education Officer,Bhograi",10-2202-01-101-0538-01003-136-11-1-0,1,07-Jul-18,258,57523600,10224040,0,0,47299560
BLSHFW014,Medical Officer Community Health Centre Gopalpur Soro,12-2210-01-110-1016-01003-855-11-1-0,1,25-Jul-18,1087,150000,0,0,0,150000
BLSEDN018,Head Master Nilambar High School Tudigadia Soro,10-2202-02-109-1261-01003-523-11-1-0,4,17-Jul-18,1037,5800,2900,0,0,2900
BLSREV852,Sub-Collector Niligiri,03-2053-00-094-1400-01003-855-11-1-0,1,06-Jul-18,720,24800,24713,0,0,87
BLSFAR001,Addl. Fisheries Officer(Marine) Balasore,33-2405-00-001-0308-01003-855-11-1-0,1,05-Jul-18,3665,184600,184588,0,0,12
BLSAGR013,"Project Director, Watersheds, Balasore",23-2402-00-102-1296-08001-154-11-1-0,6,02-Jul-18,3633,7000,0,0,0,7000
BLSHFW020,Medical Officer Community Health Centre Jaleswarpur,12-2210-03-103-1092-06001-000-11-1-0,2,21-Jul-18,283,10000,0,0,0,10000
BLSEDN039,"Block Education Officer,Remuna",10-2202-01-104-0534-06001-000-11-1-0,1,03-Jul-18,3722,10000,0,0,0,10000
BLSLEM001,Assistant Labour Officer Nilagiri,14-2230-01-001-0308-09001-000-11-1-0,1,05-Jul-18,718,33000,0,0,0,33000
BLSEDN022,"Principal,Government Elementary Teacher Education",10-2202-02-105-1262-18035-000-21-1-2,1,23-Jul-18,1079,100000,100000,0,0,0
BLSHFW014,Medical Officer Community Health Centre Gopalpur Soro,12-2210-03-103-1092-06001-000-11-1-0,2,25-Jul-18,1091,80000,80000,0,0,0
BLSEDN017,Head Master Kailash Chandra Government High School,10-2202-02-109-1261-01003-523-11-1-0,4,17-Jul-18,732,8900,0,0,0,8900
BLSEDN048,"Principal, Sri Jagannath Women's College, Jaleswar",10-2202-02-110-3199-41048-921-11-1-0,1,04-Jul-18,393,1076436,717624,0,0,358812
BLSEDN041,"Block Education Officer,Balasore Sadar",10-2202-01-101-0538-01003-136-11-1-0,1,04-Jul-18,3654,95000000,19848008,0,0,75151992
BLSOLL001,"District Culture Officer, Balasore",43-2205-00-105-0320-08001-506-11-1-0,1,13-Jul-18,3724,5000,0,0,0,5000
BLSSUP001,Assistant Controller Legal Metrology Balasore Zone,09-3475-00-106-0485-01003-136-11-1-0,1,06-Jul-18,3671,300000,0,0,0,300000
BLSWEL001,District Welfare Officer Balasore,11-2225-80-800-1317-25009-000-11-1-0,1,04-Jul-18,3681,198000,0,0,0,198000
BLSEDN034,"Block Education Officer,Bahanaga",10-2202-01-101-0538-01003-156-11-1-0,2,04-Jul-18,993,3753000,0,0,0,3753000
BLSPRD806,Block Development Officer Khaira Soro,17-3604-00-197-3098-78606-000-42-1-0,1,05-Jul-18,1022,423000,0,0,0,423000
BLSEDN042,"Block Education Officer,Basta",10-2202-01-101-0538-06001-000-11-1-0,1,17-Jul-18,478,800,0,0,0,800
BLSEDN038,"Block Education Officer,Nilgiri",10-2202-01-101-0538-08001-074-11-1-0,1,17-Jul-18,738,5500,0,0,0,5500
BLSHFW019,Medical Officer Community Health Centre Baliapal Basta,12-2210-06-101-2791-01003-516-11-1-0,1,02-Jul-18,440,9000,0,0,0,9000
BLSFAR005,Farm Officer Veterinary Livestock Breeding and Dairy Farm,33-3451-00-090-0499-01003-560-11-1-0,1,02-Jul-18,3625,30000,0,0,0,30000
BLSEDN043,"Block Education Officer,Baliapal",10-2202-01-101-0538-06001-000-11-1-0,1,17-Jul-18,479,800,0,0,0,800
BLSHFW022,Medical Officer Community Health Centre Hatigarh Jaleswar,12-2210-06-101-2791-06001-000-11-1-0,3,02-Jul-18,379,333,0,0,0,333
BLSEDN018,Head Master Nilambar High School Tudigadia Soro,10-2202-02-109-1261-01003-136-11-1-0,1,17-Jul-18,1030,2111000,0,0,0,2111000
BLSAGR013,"Project Director, Watersheds, Balasore",23-2402-00-102-1296-08001-154-11-1-0,5,02-Jul-18,3632,3000,0,0,0,3000
BLSCOP003,Dy Registrar Co-operative Societies Balasore Division,34-2425-00-001-0327-08001-154-11-1-0,1,11-Jul-18,3696,6000,0,0,0,6000
BLSHFW032,"Superintendent, Government Medical College & Hospital,",12-2210-01-110-3182-78394-000-21-1-1,2,02-Jul-18,3619,100000,0,0,0,100000
BLSHFW026,"Medical Officer I/c, G.K.B. Government Hospital, Jaleswar,",12-2210-03-103-1092-06001-000-11-1-0,2,25-Jul-18,434,5000,0,0,0,5000
BLSHFW022,Medical Officer Community Health Centre Hatigarh Jaleswar,12-2210-03-103-1092-24002-000-21-1-1,1,04-Jul-18,381,200000,0,0,0,200000
BLSPRD810,Block Development Officer Simulia Soro,17-3604-00-197-3098-78606-000-42-1-0,1,05-Jul-18,1023,253800,0,0,0,253800
BLSEDN034,"Block Education Officer,Bahanaga",10-2202-01-101-0538-01003-403-11-1-0,3,04-Jul-18,996,990000,0,0,0,990000
BLSHFW015,Medical Officer Community Health Centre Iswarpur Nilgiri,12-2210-03-103-1092-06001-000-11-1-0,2,25-Jul-18,754,70000,24422,0,0,45578
BLSHFW015,Medical Officer Community Health Centre Iswarpur Nilgiri,12-2210-06-001-0308-01003-855-11-1-0,1,16-Jul-18,728,250000,94226,0,0,155774
BLSEDN037,"Block Education Officer,Oupada",10-2202-01-101-0538-01003-136-11-1-0,1,04-Jul-18,707,22135000,5681056,0,0,16453944
BLSEDN035,"Block Education Officer,Khaira",10-2202-01-102-0977-41048-921-21-1-2,13,16-Jul-18,1061,13000,0,0,0,13000
BLSREV850,"Collector, Balasore",03-2053-00-093-0617-21004-834-11-1-0,1,02-Jul-18,3627,120000,0,0,0,120000
BLSHFW016,Medical Officer Community Health Centre Remuna Balasore,12-2210-06-101-2791-01003-516-11-1-0,1,02-Jul-18,3638,9000,0,0,0,9000
BLSEDN043,"Block Education Officer,Baliapal",10-2202-01-104-0534-06001-000-11-1-0,1,03-Jul-18,466,10000,0,0,0,10000
BLSWOR001,Executive Engineer Mechanical Roads & Building Division,07-2059-80-001-0442-01003-855-11-1-0,1,27-Jul-18,3848,1070000,722829,0,0,347171
BLSHFW007,Medical Officer Community Health Centre Kharia Soro,12-2210-03-103-1092-08001-074-11-1-0,3,25-Jul-18,1094,200000,0,0,0,200000
BLSEDN029,Head Mistress Ramkrishna Government High School,10-2202-02-109-1261-01003-136-11-1-0,1,17-Jul-18,417,1677000,0,0,0,1677000
BLSEDN035,"Block Education Officer,Khaira",10-2202-01-101-0538-01003-156-11-1-0,2,04-Jul-18,994,3776000,0,0,0,3776000
BLSEDN034,"Block Education Officer,Bahanaga",10-2202-01-104-0534-01003-516-11-1-0,1,13-Jul-18,1029,6000,0,0,0,6000
BLSEDN037,"Block Education Officer,Oupada",10-2202-01-101-0538-01003-516-11-1-0,1,24-Jul-18,748,80000,0,0,0,80000
BLSEDN036,"Block Education Officer,Simulia",10-2202-01-101-0538-08001-506-11-1-0,1,19-Jul-18,1077,5000,0,0,0,5000
BLSPRD802,Block Development Officer Baliapal Basta,17-3604-00-197-3098-78606-000-42-1-0,1,05-Jul-18,459,321480,0,0,0,321480
BLSEDN037,"Block Education Officer,Oupada",10-2202-01-102-0977-41048-921-11-1-0,1,05-Jul-18,719,699126,466084,0,0,233042
BLSHFW022,Medical Officer Community Health Centre Hatigarh Jaleswar,12-2210-03-110-1016-01003-523-11-1-0,3,04-Jul-18,386,20000,0,0,0,20000
BLSHFW023,Principal Tutor Health Worker(Female) Training Centre,12-2210-05-105-1488-08001-074-11-1-0,3,27-Jul-18,3857,50000,0,0,0,50000
BLSHFW023,Principal Tutor Health Worker(Female) Training Centre,12-2210-05-105-1488-08001-154-11-1-0,5,27-Jul-18,3859,4000,0,0,0,4000
BLSHUD006,Asst Town Planner Town Planning Unit Balasore,13-2217-80-001-1471-06001-000-11-1-0,1,07-Jul-18,3678,3000,0,0,0,3000
BLSEDN042,"Block Education Officer,Basta",10-2202-01-101-0556-08001-074-11-1-0,1,25-Jul-18,488,20000,0,0,0,20000
BLSSUP001,Assistant Controller Legal Metrology Balasore Zone,09-3475-00-106-0485-78012-000-11-1-0,6,06-Jul-18,3676,5000,1700,0,0,3300
BLSHFW004,Health Officer Balasore MunicipalityBalasore,12-2210-03-103-1092-01003-403-11-1-0,1,06-Jul-18,3667,86200,0,0,0,86200
BLSEDN044,"Block Education Officer,Bhograi",10-2202-01-104-0534-06001-000-11-1-0,1,03-Jul-18,263,10000,0,0,0,10000
BLSFAR005,Farm Officer Veterinary Livestock Breeding and Dairy Farm,33-2404-00-789-1383-20002-000-21-1-1,2,25-Jul-18,3841,533600,0,0,0,533600
BLSHFW007,Medical Officer Community Health Centre Kharia Soro,12-2210-03-103-1092-01003-523-11-1-0,4,19-Jul-18,1067,15000,0,0,0,15000
BLSEDN033,"Block Education Officer,Soro",10-2202-01-101-0538-08001-074-11-1-0,1,17-Jul-18,1045,5500,0,0,0,5500
BLSHFW018,Medical Officer Community Health Centre Simulia Soro,12-2210-03-103-1092-08001-506-11-1-0,6,25-Jul-18,1104,40000,0,0,0,40000
BLSHFW015,Medical Officer Community Health Centre Iswarpur Nilgiri,12-2210-03-103-1092-01003-855-11-1-0,1,02-Jul-18,696,700000,433474,0,0,266526
BLSHFW008,Medical Officer Community Health Centre Soro,12-2210-06-101-2791-01003-136-11-1-0,1,05-Jul-18,1003,1200000,41575,0,0,1158425
BLSWOR002,Executive Engineer Roads & Building Division Balasore,07-2059-80-001-0442-01003-855-11-1-0,1,27-Jul-18,3849,500000,0,0,0,500000
BLSHFW023,Principal Tutor Health Worker(Female) Training Centre,12-2211-00-003-1487-78012-000-21-1-2,1,20-Jul-18,3784,20000,9204,0,0,10796
BLSPCD003,Deputy Director (Planning & Statistics) District Planning &,16-2401-00-111-0396-06001-000-22-1-1,1,28-Jul-18,3864,200000,0,0,0,200000
BLSEDN038,"Block Education Officer,Nilgiri",10-2202-01-101-0538-01003-403-11-1-0,3,04-Jul-18,712,900000,221299,0,0,678701
BLSEDN003,"District Education Officer, Balasore",10-2202-02-800-3309-17002-000-21-1-2,1,23-Jul-18,3812,3600000,0,0,0,3600000
BLSWEL007,"Headmistress Govt(SSD) Girls High School,",11-2225-01-277-2365-20002-000-21-1-1,1,13-Jul-18,746,22818,0,0,0,22818
BLSEDN035,"Block Education Officer,Khaira",10-2202-01-102-0977-41048-921-21-1-2,14,16-Jul-18,1062,74000,0,0,0,74000
BLSWEL001,District Welfare Officer Balasore,11-2251-00-090-0372-20002-000-23-1-1,1,12-Jul-18,3702,1100000,37389,0,0,1062611
BLSHFW018,Medical Officer Community Health Centre Simulia Soro,12-2210-03-789-1092-24002-000-21-1-1,8,25-Jul-18,1106,100000,0,0,0,100000
BLSWOR002,Executive Engineer Roads & Building Division Balasore,07-2059-80-001-0442-08001-154-11-1-0,1,27-Jul-18,3854,10000,0,0,0,10000
BLSEDN033,"Block Education Officer,Soro",10-2202-01-101-0538-01003-136-11-1-0,1,04-Jul-18,989,45126000,9874940,0,0,35251060
BLSHFW018,Medical Officer Community Health Centre Simulia Soro,12-2210-03-103-1092-08001-074-11-1-0,3,25-Jul-18,1101,600000,600000,0,0,0
BLSWEL003,Head Master Government High School Banabhuin Nilgiri,11-2225-02-277-2367-20002-000-21-1-1,1,19-Jul-18,747,25138,25138,0,0,0
BLSEDN035,"Block Education Officer,Khaira",10-2202-01-101-0538-01003-136-11-1-0,1,04-Jul-18,991,53948000,12872000,0,0,41076000
BLSWEL005,Project Director Integrated Tribal Development Agency,11-2225-02-794-0222-41078-908-23-1-2,1,28-Jul-18,765,5982000,0,0,0,5982000
BLSHFW018,Medical Officer Community Health Centre Simulia Soro,12-2210-03-110-1016-01003-156-11-1-0,1,07-Jul-18,1018,100000,85078,0,0,14922
BLSEDN035,"Block Education Officer,Khaira",10-2202-01-102-0977-41048-921-21-1-2,1,16-Jul-18,1049,16983,16983,0,0,0
BLSPCD003,Deputy Director (Planning & Statistics) District Planning &,16-2401-00-111-0028-08001-506-22-1-1,1,28-Jul-18,3877,3800,0,0,0,3800
BLSEDN036,"Block Education Officer,Simulia",10-2202-01-101-0538-08001-074-11-1-0,1,17-Jul-18,1048,5500,0,0,0,5500
BLSHFW006,"District Ayurveda Medical Officer,Balasore Circle Balasore",12-2210-04-103-0646-78394-000-21-1-1,1,12-Jul-18,3710,4000,4000,0,0,0
BLSEDN033,"Block Education Officer,Soro",10-2202-01-102-0977-41048-921-21-1-2,1,17-Jul-18,1038,2583732,1779648,0,0,804084
BLSREV850,"Collector, Balasore",42-2245-02-101-0922-15005-000-31-1-0,1,02-Jul-18,3613,1800,1800,0,0,0
BLSAGR013,"Project Director, Watersheds, Balasore",23-2402-00-102-1296-06001-000-11-1-0,1,02-Jul-18,3628,35000,0,0,0,35000
BLSETE002,"Principal Industrial Training Institute, Balasore",39-2230-03-003-2709-33002-000-11-1-0,1,20-Jul-18,3783,115000,103059,0,0,11941
BLSFAR002,Chief District Veterinary Officer Balasore,33-2403-00-789-2495-20002-000-21-1-2,2,11-Jul-18,3697,10000,0,0,0,10000
BLSREV031,"Tahasildar, Bahanaga",03-2029-00-104-1448-01003-156-11-1-0,1,07-Jul-18,1014,300000,0,0,0,300000
BLSHFW022,Medical Officer Community Health Centre Hatigarh Jaleswar,12-2210-03-103-1092-08001-074-11-1-0,3,25-Jul-18,436,200050,0,0,0,200050
BLSEDN034,"Block Education Officer,Bahanaga",10-2202-01-104-0534-08001-074-11-1-0,1,02-Jul-18,1025,20000,0,0,0,20000
BLSEDN036,"Block Education Officer,Simulia",10-2202-01-101-0556-06001-000-11-1-0,1,31-Jul-18,1121,1000,0,0,0,1000
BLSEDN039,"Block Education Officer,Remuna",10-2202-01-101-0538-01003-516-11-1-0,1,24-Jul-18,3831,80000,0,0,0,80000
BLSFIN012,Treasury Officer Balasore,05-2054-00-097-0534-33011-000-11-1-0,1,31-Jul-18,3890,6700,0,0,0,6700
BLSWEL005,Project Director Integrated Tribal Development Agency,11-2225-02-794-0222-41078-918-23-1-2,1,25-Jul-18,758,2783000,0,0,0,2783000
BLSWOR006,"Executive Engineer, Balasore(R &B) Division-II,Balasore",07-2059-80-001-0442-08001-154-11-1-0,1,27-Jul-18,3853,10000,0,0,0,10000
BLSPRD803,Block Development Officer Basta,17-3604-00-197-3098-78606-000-42-1-0,1,05-Jul-18,460,355320,0,0,0,355320
BLSPCD003,Deputy Director (Planning & Statistics) District Planning &,16-2401-00-111-0396-08001-506-22-1-1,3,28-Jul-18,3866,70000,0,0,0,70000
BLSWOR001,Executive Engineer Mechanical Roads & Building Division,07-2059-80-001-0442-01004-000-11-1-0,2,27-Jul-18,3851,2000,2000,0,0,0
BLSEDN012,Head Master Government High School Hirapur Balasore,10-2202-02-109-1261-01003-403-11-1-0,3,17-Jul-18,3752,24000,0,0,0,24000
BLSWEL004,Head Master Government High School Kabatghati Jaleswar,11-2059-80-800-1909-21114-000-11-1-0,1,25-Jul-18,430,25000,25000,0,0,0
BLSEDN029,Head Mistress Ramkrishna Government High School,10-2202-02-109-1261-01003-403-11-1-0,3,17-Jul-18,422,28000,0,0,0,28000
BLSHFW019,Medical Officer Community Health Centre Baliapal Basta,12-2210-03-103-1092-01003-523-11-1-0,3,10-Jul-18,463,73700,0,0,0,73700
BLSREV850,"Collector, Balasore",42-2245-02-101-0922-15005-000-31-1-0,1,24-Jul-18,3814,3600,3600,0,0,0
BLSEDN014,Head Master Government High School Khaira Soro,10-2202-02-109-1261-01003-136-11-1-0,1,17-Jul-18,1031,1908000,0,0,0,1908000
BLSEDN036,"Block Education Officer,Simulia",10-2202-01-101-0538-06001-000-11-1-0,1,17-Jul-18,1044,800,0,0,0,800
BLSSUP001,Assistant Controller Legal Metrology Balasore Zone,09-3475-00-106-0485-01003-156-11-1-0,2,06-Jul-18,3672,40000,0,0,0,40000
BLSHFW018,Medical Officer Community Health Centre Simulia Soro,12-2210-06-101-2791-01003-516-11-1-0,1,02-Jul-18,979,19000,19000,0,0,0
BLSSSE001,"District Social Security Officer, Balasore",41-2235-60-789-2097-38008-000-21-1-2,1,28-Jul-18,3883,1942500,0,0,0,1942500
BLSHFW022,Medical Officer Community Health Centre Hatigarh Jaleswar,12-2210-06-101-2791-01003-516-11-1-0,1,02-Jul-18,377,29000,0,0,0,29000
BLSEDN044,"Block Education Officer,Bhograi",10-2202-01-101-0538-01003-516-11-1-0,1,24-Jul-18,287,80000,0,0,0,80000
BLSHFW007,Medical Officer Community Health Centre Kharia Soro,12-2210-06-101-2791-01003-136-11-1-0,1,19-Jul-18,1071,540000,0,0,0,540000
BLSEDN016,Head Master Jagannath Government High School Kamarda,10-2202-02-109-1261-01003-136-11-1-0,1,17-Jul-18,271,1696000,0,0,0,1696000
BLSHFW022,Medical Officer Community Health Centre Hatigarh Jaleswar,12-2210-06-001-0308-01003-855-11-1-0,1,04-Jul-18,382,50000,0,0,0,50000
BLSEDN041,"Block Education Officer,Balasore Sadar",10-2202-01-102-0977-41048-921-11-1-0,1,05-Jul-18,3670,3390009,2196019,0,0,1193990
BLSWCD009,District Social Welfare Officer Balasore,36-2235-02-102-0731-53003-000-23-1-2,1,20-Jul-18,3791,70834000,70834000,0,0,0
BLSHFW017,Medical Officer Community Health Centre Rupsa Balasore,12-2210-03-103-1092-08001-506-11-1-0,4,21-Jul-18,3800,50000,0,0,0,50000
BLSEDN037,"Block Education Officer,Oupada",10-2202-01-101-0538-01003-156-11-1-0,2,04-Jul-18,709,1549000,0,0,0,1549000
BLSHFW022,Medical Officer Community Health Centre Hatigarh Jaleswar,12-2210-03-110-1016-01003-136-11-1-0,1,04-Jul-18,384,1500000,0,0,0,1500000
BLSEDN003,"District Education Officer, Balasore",10-2202-02-109-1261-01003-403-11-1-0,3,13-Jul-18,3729,6236000,0,0,0,6236000
BLSHFW018,Medical Officer Community Health Centre Simulia Soro,12-2210-03-103-1092-08001-397-11-1-0,5,25-Jul-18,1103,30000,0,0,0,30000
BLSWOR004,Superintending Engineer Roads & Building Eastern Circle,07-2059-80-001-1409-08001-154-11-1-0,1,24-Jul-18,3828,10000,0,0,0,10000
BLSEDN039,"Block Education Officer,Remuna",10-2202-01-104-0534-08001-506-11-1-0,1,10-Jul-18,3731,35000,0,0,0,35000
BLSHFW014,Medical Officer Community Health Centre Gopalpur Soro,12-2210-06-001-0308-01003-855-11-1-0,1,25-Jul-18,1088,50000,0,0,0,50000
BLSWEL007,"Headmistress Govt(SSD) Girls High School,",11-2059-80-800-1909-21114-000-11-1-0,1,25-Jul-18,752,25000,0,0,0,25000
BLSEDN043,"Block Education Officer,Baliapal",10-2202-01-101-0538-08001-074-11-1-0,1,17-Jul-18,480,5500,0,0,0,5500
BLSHFW006,"District Ayurveda Medical Officer,Balasore Circle Balasore",12-2210-02-103-0646-78393-000-21-1-1,1,12-Jul-18,3708,1000,1000,0,0,0
BLSLAW002,Judicial Magistrate First Class Soro,01-2014-00-105-1270-78123-000-11-1-0,1,02-Jul-18,978,5000,5000,0,0,0
BLSEDN033,"Block Education Officer,Soro",10-2202-01-101-0538-06001-000-11-1-0,1,17-Jul-18,1041,800,0,0,0,800
BLSEDN036,"Block Education Officer,Simulia",10-2202-01-101-0538-01003-136-11-1-0,1,07-Jul-18,1015,31742000,8582628,0,0,23159372
BLSREV851,Sub-Collector Balasore,01-2015-00-102-0124-01003-523-11-1-0,1,24-Jul-18,3833,3600,317,0,0,3283
BLSEDN040,"Block Education Officer,Jaleswar",10-2202-01-102-0977-41048-921-21-1-2,1,17-Jul-18,425,1853175,0,0,0,1853175
BLSAGR013,"Project Director, Watersheds, Balasore",23-2402-00-001-1696-01003-855-11-1-0,1,26-Jul-18,3846,1433508,0,0,0,1433508
BLSEDN011,Head Master Balasore Zilla School Balasore,10-2202-02-109-1261-01003-136-11-1-0,1,17-Jul-18,3744,10465000,671339,0,0,9793661
BLSEDN001,Assistant Superintendent of Sanskrit Studies Balasore,10-2202-05-103-1406-01003-136-11-1-0,1,18-Jul-18,3772,481000,33000,0,0,448000
BLSEDN015,Head Master Government High School Lakhamnath Jaleswar,10-2202-02-109-1261-01003-156-11-1-0,2,17-Jul-18,420,118000,0,0,0,118000
BLSHFW008,Medical Officer Community Health Centre Soro,12-2210-06-101-2791-06001-000-11-1-0,2,02-Jul-18,985,6000,0,0,0,6000
BLSHFW025,"District Public Health Officer, Balasore-",12-2210-06-101-1010-08001-506-11-1-0,1,03-Jul-18,3635,35000,20461,0,0,14539
BLSEDN015,Head Master Government High School Lakhamnath Jaleswar,10-2202-02-109-1261-01003-523-11-1-0,1,17-Jul-18,423,5561,0,0,0,5561
BLSEDN052,"Principal, Surendranath Institute of Higher Technical",10-2202-02-110-3199-41048-921-11-1-0,1,04-Jul-18,395,1055775,0,0,0,1055775
BLSHFW026,"Medical Officer I/c, G.K.B. Government Hospital, Jaleswar,",12-2210-03-103-1092-08001-074-11-1-0,3,25-Jul-18,435,100000,0,0,0,100000
BLSWEL005,Project Director Integrated Tribal Development Agency,11-2225-02-794-0670-41078-908-23-1-2,1,26-Jul-18,759,6334000,0,0,0,6334000
BLSSSE001,"District Social Security Officer, Balasore",41-2235-60-789-2097-38008-000-21-1-2,1,24-Jul-18,3822,1050000,0,0,0,1050000
BLSPRD807,Block Development Officer Nilgiri,17-3604-00-197-3098-78606-000-42-1-0,1,05-Jul-18,724,287640,0,0,0,287640
BLSETE002,"Principal Industrial Training Institute, Balasore",39-2230-03-003-0951-08001-397-21-1-1,1,20-Jul-18,3782,15000,13443,0,0,1557
BLSEDN040,"Block Education Officer,Jaleswar",10-2202-01-101-0538-01003-403-11-1-0,3,04-Jul-18,400,1000000,193236,0,0,806764
BLSEDN021,Head Master Subarnrekha Government High School Baliapal,10-2202-02-109-1261-01003-523-11-1-0,4,17-Jul-18,475,1800,0,0,0,1800
BLSHFW002,"Chief District Medical & Public Health Officer, Balasore",12-2210-01-001-0308-08001-506-11-1-0,6,20-Jul-18,3807,8000,0,0,0,8000
BLSEDN030,Principal Dist Institute of Education & Training Remuna,10-2202-80-789-2915-01003-136-23-1-2,1,16-Jul-18,3739,866000,0,0,0,866000
BLSEDN034,"Block Education Officer,Bahanaga",10-2202-01-101-0538-08001-506-11-1-0,1,19-Jul-18,1075,5000,0,0,0,5000
BLSAGR013,"Project Director, Watersheds, Balasore",23-2402-00-102-1296-08001-149-11-1-0,3,02-Jul-18,3631,4000,0,0,0,4000
BLSHFW015,Medical Officer Community Health Centre Iswarpur Nilgiri,12-2210-06-101-2791-01003-403-11-1-0,3,31-Jul-18,771,25000,0,0,0,25000
BLSHFW022,Medical Officer Community Health Centre Hatigarh Jaleswar,12-2210-03-103-1092-08001-506-11-1-0,4,25-Jul-18,438,30000,0,0,0,30000
BLSEDN035,"Block Education Officer,Khaira",10-2202-01-102-0977-41048-921-21-1-2,6,16-Jul-18,1054,81000,81000,0,0,0
BLSHFW004,Health Officer Balasore MunicipalityBalasore,12-2210-06-001-0308-01003-855-11-1-0,1,06-Jul-18,3668,230000,0,0,0,230000
BLSEDN038,"Block Education Officer,Nilgiri",10-2202-01-101-0538-01003-516-11-1-0,1,24-Jul-18,749,80000,0,0,0,80000
BLSMSM002,"Manager District Industries Centre, Balasore",40-2851-00-106-0263-01003-855-11-1-0,1,30-Jul-18,3885,59268,0,0,0,59268
BLSHFW022,Medical Officer Community Health Centre Hatigarh Jaleswar,12-2210-03-103-1092-01003-855-11-1-0,1,04-Jul-18,380,500000,369982,0,0,130018
BLSLAW003,Judicial Magistrate First Class Jaleswar,04-2014-00-105-0145-08001-154-11-1-0,1,16-Jul-18,414,2000,2000,0,0,0
BLSHFW015,Medical Officer Community Health Centre Iswarpur Nilgiri,12-2210-06-101-2791-06001-000-11-1-0,2,02-Jul-18,702,6000,0,0,0,6000
BLSEDN035,"Block Education Officer,Khaira",10-2202-01-102-0977-41048-921-21-1-2,8,16-Jul-18,1056,17162,17162,0,0,0
BLSHFW019,Medical Officer Community Health Centre Baliapal Basta,12-2210-03-103-1092-01003-136-11-1-0,1,10-Jul-18,461,720601,0,0,0,720601
BLSHFW018,Medical Officer Community Health Centre Simulia Soro,12-2210-06-101-2791-06001-000-11-1-0,2,02-Jul-18,983,16000,16000,0,0,0
BLSSUP002,District Civil Supply Officer Balasore,09-2408-01-101-1162-01003-136-11-1-0,1,10-Jul-18,3691,324000,0,0,0,324000
BLSEDN056,"Principal , Women's College, Nabara",10-2202-02-110-3208-41547-921-21-1-1,1,04-Jul-18,454,228345,71886,0,0,156459
BLSEDN014,Head Master Government High School Khaira Soro,10-2202-02-109-1261-01003-523-11-1-0,4,17-Jul-18,1036,10100,0,0,0,10100
BLSEDN044,"Block Education Officer,Bhograi",10-2202-01-101-0538-08001-506-11-1-0,1,19-Jul-18,281,5000,0,0,0,5000
BLSREV850,"Collector, Balasore",15-2251-00-090-1333-02007-000-11-1-0,4,16-Jul-18,3736,570000,0,0,0,570000
BLSHFW002,"Chief District Medical & Public Health Officer, Balasore",12-2210-01-001-0308-08001-074-11-1-0,3,20-Jul-18,3804,200000,0,0,0,200000
BLSHFW024,"Superintendent  SDH,  Nilgiri",12-2211-00-101-1068-08001-506-11-1-0,5,28-Jul-18,764,8000,3025,0,0,4975
BLSHFW007,Medical Officer Community Health Centre Kharia Soro,12-2210-06-101-2791-01003-516-11-1-0,1,02-Jul-18,980,9000,0,0,0,9000
BLSEDN057,"Principal, Sadhu Charan Mahavidyalaya,Raibania",10-2202-02-110-3208-41547-921-21-1-1,1,04-Jul-18,403,75000,0,0,0,75000
BLSAGR013,"Project Director, Watersheds, Balasore",23-2402-00-102-1296-08001-074-11-1-0,2,02-Jul-18,3629,10000,0,0,0,10000
BLSREV850,"Collector, Balasore",42-2245-02-101-0922-33013-000-31-1-0,1,24-Jul-18,3816,4000,4000,0,0,0
BLSEDN035,"Block Education Officer,Khaira",10-2202-01-102-0977-41048-921-21-1-2,15,16-Jul-18,1063,1000,0,0,0,1000
BLSGAD001,Superintendent of Police(Vigilance) Balasore Division,02-2062-00-105-0308-78113-000-11-1-0,1,07-Jul-18,3682,23500,23500,0,0,0
BLSHFW022,Medical Officer Community Health Centre Hatigarh Jaleswar,12-2210-03-103-1092-01003-516-11-1-0,1,25-Jul-18,432,70000,0,0,0,70000
BLSPRD002,Executive Officer Zilaparisad Balasore,17-3604-00-196-3098-78606-000-42-1-0,1,09-Jul-18,3686,806340,806340,0,0,0
BLSEDN036,"Block Education Officer,Simulia",10-2202-01-101-0556-08001-074-11-1-0,1,25-Jul-18,1110,9000,0,0,0,9000
BLSPRD805,Block Development Officer Jaleswar,17-3604-00-197-3098-78606-000-42-1-0,1,05-Jul-18,408,400440,0,0,0,400440
BLSEDN024,"Principal,Government Elementary Teacher Education",10-2202-02-105-1262-18035-000-21-1-2,1,23-Jul-18,1078,100000,0,0,0,100000
BLSEDN038,"Block Education Officer,Nilgiri",10-2202-01-101-0538-01003-523-11-1-0,4,04-Jul-18,714,10000,3065,0,0,6935
BLSHFW018,Medical Officer Community Health Centre Simulia Soro,12-2210-06-101-2791-01003-156-11-1-0,1,05-Jul-18,1004,400000,53786,0,0,346214
BLSIPR001,District Information & Public Relations Officer Balasore,25-2220-60-106-0321-01004-000-11-1-0,1,28-Jul-18,3867,29260,24696,0,0,4564
BLSHFW022,Medical Officer Community Health Centre Hatigarh Jaleswar,12-2210-03-103-1092-06001-000-11-1-0,2,25-Jul-18,433,20000,0,0,0,20000
BLSEDN029,Head Mistress Ramkrishna Government High School,10-2202-02-109-1261-01003-156-11-1-0,2,17-Jul-18,419,98000,0,0,0,98000
BLSEDN039,"Block Education Officer,Remuna",10-2202-01-104-0534-08001-074-11-1-0,1,02-Jul-18,3719,20000,0,0,0,20000
BLSFAR002,Chief District Veterinary Officer Balasore,33-2403-00-109-2495-20002-000-21-1-2,1,11-Jul-18,3695,14000,0,0,0,14000
BLSEDN010,Head Master Baghajatin High School Orangi Balasore,10-2202-02-109-1261-01003-136-11-1-0,1,17-Jul-18,3743,804000,0,0,0,804000
BLSAGR012,Soil Chemist Balia Balasore,23-2435-01-102-1145-01003-156-11-1-0,2,18-Jul-18,3768,70300,0,0,0,70300
BLSEDN012,Head Master Government High School Hirapur Balasore,10-2202-02-109-1261-01003-156-11-1-0,2,17-Jul-18,3749,39000,0,0,0,39000
BLSWEL001,District Welfare Officer Balasore,11-2225-80-800-2515-78107-000-21-1-2,1,17-Jul-18,3758,1537500,1537500,0,0,0
BLSEDN003,"District Education Officer, Balasore",10-2202-02-109-1261-01003-156-11-1-0,2,13-Jul-18,3728,30774000,6365897,0,0,24408103
BLSHFW017,Medical Officer Community Health Centre Rupsa Balasore,12-2210-03-103-1092-01004-000-11-1-0,2,07-Jul-18,3684,2000000,0,0,0,2000000
BLSEDN033,"Block Education Officer,Soro",10-2202-01-101-0538-01003-523-11-1-0,4,04-Jul-18,998,25000,1170,0,0,23830
BLSEDN036,"Block Education Officer,Simulia",10-2202-01-101-0538-01003-156-11-1-0,2,07-Jul-18,1016,2221000,0,0,0,2221000
BLSEDN041,"Block Education Officer,Balasore Sadar",10-2202-01-101-0538-01003-156-11-1-0,2,04-Jul-18,3656,6650000,1603509,0,0,5046491
BLSEDN035,"Block Education Officer,Khaira",10-2202-01-101-0538-01003-403-11-1-0,3,04-Jul-18,997,851000,171545,0,0,679455
BLSEDN024,"Principal,Government Elementary Teacher Education",10-2202-02-105-1262-78118-000-21-1-2,2,23-Jul-18,1080,50000,0,0,0,50000
BLSEDN003,"District Education Officer, Balasore",10-2202-05-102-0844-41048-921-21-1-2,1,13-Jul-18,3725,1403907,0,0,0,1403907
BLSEDN033,"Block Education Officer,Soro",10-2202-01-102-0977-41048-921-11-1-0,1,06-Jul-18,1007,2796504,1803430,0,0,993074
BLSEDN034,"Block Education Officer,Bahanaga",10-2202-01-102-0977-41048-921-21-1-2,1,17-Jul-18,1039,1843131,1217759,0,0,625372
BLSEDN040,"Block Education Officer,Jaleswar",10-2202-01-102-0977-41048-921-11-1-0,1,06-Jul-18,406,3028347,1692054,0,0,1336293
BLSFAR002,Chief District Veterinary Officer Balasore,33-3451-00-090-0499-01003-560-11-1-0,1,02-Jul-18,3623,150000,0,0,0,150000
BLSPRD804,Block Development Officer Bhogarai,17-2515-00-102-3028-01003-403-42-1-0,3,13-Jul-18,266,22000,0,0,0,22000
BLSEDN042,"Block Education Officer,Basta",10-2202-01-102-0977-41048-921-21-1-2,1,17-Jul-18,476,2132952,0,0,0,2132952
BLSWEL001,District Welfare Officer Balasore,11-2225-80-800-2515-78567-000-21-1-2,1,17-Jul-18,3759,432889,0,0,0,432889
BLSSSE001,"District Social Security Officer, Balasore",41-2235-60-796-2097-38008-000-21-1-2,1,28-Jul-18,3876,1270800,0,0,0,1270800
BLSHFW012,Medical Officer Community Health Centre Basta,12-2210-06-101-2791-06001-000-11-1-0,2,02-Jul-18,443,6000,0,0,0,6000
BLSEDN044,"Block Education Officer,Bhograi",10-2202-01-101-0538-06001-000-11-1-0,1,17-Jul-18,279,800,0,0,0,800
BLSHFW002,"Chief District Medical & Public Health Officer, Balasore",12-2210-01-001-0308-33011-000-11-1-0,8,20-Jul-18,3809,2000,0,0,0,2000
BLSEDN027,Head Mistress Government Girls High School Remuna,10-2202-02-109-1261-01003-523-11-1-0,4,17-Jul-18,3756,6400,0,0,0,6400
BLSEDN010,Head Master Baghajatin High School Orangi Balasore,10-2202-02-109-1261-01003-523-11-1-0,4,17-Jul-18,3754,3800,1870,0,0,1930
BLSPRD001,District Panchayat Officer Balasore,17-3604-00-198-3098-78606-000-42-1-0,1,17-Jul-18,3757,7613280,0,0,0,7613280
BLSEDN035,"Block Education Officer,Khaira",10-2202-01-102-0977-41048-921-21-1-2,10,16-Jul-18,1058,81838,81838,0,0,0
BLSEDN037,"Block Education Officer,Oupada",10-2202-01-101-0538-06001-000-11-1-0,1,17-Jul-18,735,800,0,0,0,800
BLSPRD808,Block Development Officer Oupada Nilgiri,17-3604-00-197-3098-78606-000-42-1-0,1,05-Jul-18,725,129720,0,0,0,129720
BLSEDN012,Head Master Government High School Hirapur Balasore,10-2202-02-109-1261-01003-136-11-1-0,1,17-Jul-18,3745,1697000,4400,0,0,1692600
BLSHFW007,Medical Officer Community Health Centre Kharia Soro,12-2210-03-103-1092-24002-000-21-1-1,5,25-Jul-18,1098,100000,0,0,0,100000
BLSEDN044,"Block Education Officer,Bhograi",10-2202-01-101-0538-01003-403-11-1-0,3,07-Jul-18,260,1018000,132327,0,0,885673
BLSHFW022,Medical Officer Community Health Centre Hatigarh Jaleswar,12-2210-06-001-0308-01003-136-11-1-0,1,04-Jul-18,388,1100000,0,0,0,1100000
BLSEDN033,"Block Education Officer,Soro",10-2202-01-101-0538-01003-156-11-1-0,2,04-Jul-18,992,3158000,1065368,0,0,2092632
BLSHFW026,"Medical Officer I/c, G.K.B. Government Hospital, Jaleswar,",12-2210-03-103-1092-08001-506-11-1-0,4,25-Jul-18,437,10000,0,0,0,10000
BLSHFW022,Medical Officer Community Health Centre Hatigarh Jaleswar,12-2210-06-001-0308-01003-156-11-1-0,2,04-Jul-18,389,64000,0,0,0,64000
BLSHFW020,Medical Officer Community Health Centre Jaleswarpur,12-2210-03-103-1092-08001-074-11-1-0,3,21-Jul-18,284,200000,0,0,0,200000
BLSHFW017,Medical Officer Community Health Centre Rupsa Balasore,12-2210-03-103-1092-06001-000-11-1-0,2,21-Jul-18,3798,30000,0,0,0,30000
BLSEDN039,"Block Education Officer,Remuna",10-2202-01-101-0556-06001-000-11-1-0,1,31-Jul-18,3931,1000,0,0,0,1000
BLSPRD809,Block Development Officer Remuna Balasore,17-3604-00-197-3098-78606-000-42-1-0,1,05-Jul-18,3687,411720,0,0,0,411720
BLSFAR003,Deputy Director Frozen Semen Bank Balasore,33-3451-00-090-0499-01003-560-11-1-0,1,02-Jul-18,3624,15000,0,0,0,15000
BLSREV021,Tahasildar Nilgiri,03-2029-00-104-1448-01003-156-11-1-0,1,07-Jul-18,721,600000,97839,0,0,502161
BLSEDN039,"Block Education Officer,Remuna",10-2202-01-101-0538-08001-506-11-1-0,1,19-Jul-18,3780,5000,0,0,0,5000
BLSHFW020,Medical Officer Community Health Centre Jaleswarpur,12-2210-06-101-2791-06001-000-11-1-0,2,02-Jul-18,254,6000,0,0,0,6000
BLSEDN015,Head Master Government High School Lakhamnath Jaleswar,10-2202-02-109-1261-01003-403-11-1-0,3,17-Jul-18,421,19000,0,0,0,19000
BLSPRD805,Block Development Officer Jaleswar,11-2225-02-794-0265-41078-918-23-1-2,1,26-Jul-18,439,200000,0,0,0,200000
BLSHFW014,Medical Officer Community Health Centre Gopalpur Soro,12-2210-03-103-1092-01003-855-11-1-0,1,07-Jul-18,1020,260000,0,0,0,260000
BLSIPR001,District Information & Public Relations Officer Balasore,25-2220-60-106-2397-08001-506-21-1-1,1,12-Jul-18,3703,50000,0,0,0,50000
BLSHFW007,Medical Officer Community Health Centre Kharia Soro,12-2210-06-101-2791-06001-000-11-1-0,2,02-Jul-18,984,6000,0,0,0,6000
BLSEDN017,Head Master Kailash Chandra Government High School,10-2202-02-109-1261-01003-403-11-1-0,3,17-Jul-18,731,59000,0,0,0,59000
BLSREV850,"Collector, Balasore",42-2245-02-113-1192-29014-166-31-1-0,1,20-Jul-18,3788,570600,570600,0,0,0
BLSEDN037,"Block Education Officer,Oupada",10-2202-01-101-0538-08001-074-11-1-0,1,17-Jul-18,737,5500,0,0,0,5500
BLSREV850,"Collector, Balasore",42-2245-02-111-2792-78585-000-31-1-0,1,20-Jul-18,3787,800000,800000,0,0,0
BLSEDN043,"Block Education Officer,Baliapal",10-2202-01-101-0538-01003-523-11-1-0,4,04-Jul-18,453,45000,0,0,0,45000
BLSEDN043,"Block Education Officer,Baliapal",10-2202-01-101-0538-01003-156-11-1-0,2,04-Jul-18,449,4884000,0,0,0,4884000
BLSAGR013,"Project Director, Watersheds, Balasore",23-2402-00-102-1296-08001-149-11-1-0,4,02-Jul-18,3630,1000,0,0,0,1000
BLSHOM002,Deputy Inspector General of Police(Eastern Range) Balasore,01-2052-00-090-0640-01003-560-11-1-0,1,24-Jul-18,3820,120000,0,0,0,120000
BLSEDN040,"Block Education Officer,Jaleswar",10-2202-01-104-0534-01003-516-11-1-0,1,16-Jul-18,416,6000,0,0,0,6000
BLSHFW001,"Addl. District Public Health Officer,(FW) Balasore",12-2211-00-101-1068-08001-506-11-1-0,2,28-Jul-18,3872,8000,0,0,0,8000
BLSHFW015,Medical Officer Community Health Centre Iswarpur Nilgiri,12-2210-03-103-1092-08001-074-11-1-0,3,25-Jul-18,755,200000,0,0,0,200000
BLSREV850,"Collector, Balasore",42-2245-02-101-0922-15005-000-31-1-0,1,20-Jul-18,3785,9000,9000,0,0,0
BLSEDN035,"Block Education Officer,Khaira",10-2202-01-101-0556-06001-000-11-1-0,1,31-Jul-18,1120,1000,0,0,0,1000
BLSHFW023,Principal Tutor Health Worker(Female) Training Centre,12-2210-05-105-1488-08001-149-11-1-0,4,27-Jul-18,3858,25000,0,0,0,25000
BLSCOP005,"Assistant Registrar of Cooperative Societies ,Nilagiri Circle",34-2425-00-001-0144-06001-000-11-1-0,1,04-Jul-18,703,23700,23700,0,0,0
BLSFIN005,"Deputy Commissioner of Commercial Taxes, (Vigilance)",05-2040-00-001-0617-08001-506-11-1-0,1,24-Jul-18,3829,86443,1283,0,0,85160
BLSHFW020,Medical Officer Community Health Centre Jaleswarpur,12-2210-03-103-1092-01003-855-11-1-0,1,05-Jul-18,255,1200000,1178006,0,0,21994
BLSEDN003,"District Education Officer, Balasore",10-2202-02-109-1261-01003-855-11-1-0,1,09-Jul-18,3690,15784785,0,0,0,15784785
BLSWAT003,Superintending Engineer Drainage Circle Balasore,20-4711-03-001-2955-01003-855-21-1-1,1,10-Jul-18,3694,190000,190000,0,0,0
BLSEDN054,"Principal , Balsore College , Sovarampur",10-2202-02-110-3208-41547-921-21-1-1,1,04-Jul-18,3662,392700,144639,0,0,248061
BLSEDN034,"Block Education Officer,Bahanaga",10-2202-01-104-0534-08001-506-11-1-0,1,10-Jul-18,1028,35000,0,0,0,35000
BLSREV022,Tahasildar Simulia Soro,03-2029-00-104-1448-01003-855-11-1-0,1,20-Jul-18,1073,600000,0,0,0,600000
BLSEDN038,"Block Education Officer,Nilgiri",10-2202-01-101-0538-01003-136-11-1-0,1,04-Jul-18,708,36255000,6511950,0,0,29743050
BLSEDN011,Head Master Balasore Zilla School Balasore,10-2202-02-109-1261-01003-523-11-1-0,4,17-Jul-18,3755,24900,350,0,0,24550
BLSLAW003,Judicial Magistrate First Class Jaleswar,04-2014-00-105-0145-01003-156-11-1-0,1,16-Jul-18,411,228000,228000,0,0,0
BLSHFW030,"Addl. District Public  Health Officer   ( VBD), Balasore",12-2210-06-101-2791-08001-154-11-1-0,3,02-Jul-18,3642,5000,0,0,0,5000
BLSEDN038,"Block Education Officer,Nilgiri",10-2202-01-101-0556-06001-000-11-1-0,1,31-Jul-18,776,1000,0,0,0,1000
BLSEDN054,"Principal , Balsore College , Sovarampur",10-2202-02-110-3199-41048-921-11-1-0,1,04-Jul-18,3652,1189722,772164,0,0,417558
BLSHFW030,"Addl. District Public  Health Officer   ( VBD), Balasore",12-2210-06-101-2791-06001-000-11-1-0,2,02-Jul-18,3640,6000,0,0,0,6000
BLSEDN014,Head Master Government High School Khaira Soro,10-2202-02-109-1261-01003-156-11-1-0,2,17-Jul-18,1033,118000,0,0,0,118000
BLSHFW024,"Superintendent  SDH,  Nilgiri",12-2211-00-101-1068-01003-523-11-1-0,2,28-Jul-18,761,16000,0,0,0,16000
BLSWCD009,District Social Welfare Officer Balasore,36-2235-02-796-0731-53003-000-23-1-2,1,20-Jul-18,3793,27170000,27170000,0,0,0
BLSHFW017,Medical Officer Community Health Centre Rupsa Balasore,12-2210-06-101-2791-06001-000-11-1-0,2,02-Jul-18,3641,6000,0,0,0,6000
BLSHFW022,Medical Officer Community Health Centre Hatigarh Jaleswar,12-2210-06-101-2791-01003-855-11-1-0,1,05-Jul-18,404,25000,25000,0,0,0
BLSHFW002,"Chief District Medical & Public Health Officer, Balasore",12-2210-01-001-0308-12001-000-11-1-0,7,20-Jul-18,3808,1000,0,0,0,1000
BLSHFW014,Medical Officer Community Health Centre Gopalpur Soro,12-2210-06-101-2791-01003-516-11-1-0,1,02-Jul-18,982,19000,19000,0,0,0
BLSREV850,"Collector, Balasore",15-2251-00-090-1333-01003-136-11-1-0,1,16-Jul-18,3733,254500,0,0,0,254500
BLSEDN003,"District Education Officer, Balasore",10-2202-05-103-0972-41048-921-11-1-0,1,04-Jul-18,3661,19553073,9446775,0,0,10106298
BLSHFW002,"Chief District Medical & Public Health Officer, Balasore",12-2210-01-001-0308-78012-000-11-1-0,9,20-Jul-18,3810,2000,0,0,0,2000
BLSEDN044,"Block Education Officer,Bhograi",10-2202-01-101-0556-08001-074-11-1-0,1,25-Jul-18,288,20000,0,0,0,20000
BLSEDN038,"Block Education Officer,Nilgiri",10-2202-01-101-0538-06001-000-11-1-0,1,17-Jul-18,736,800,0,0,0,800
BLSSUP001,Assistant Controller Legal Metrology Balasore Zone,09-3475-00-106-0485-01003-403-11-1-0,3,06-Jul-18,3673,10000,0,0,0,10000
BLSEDN053,"Principal, Balikhanda(junior) College, Balikhanda",10-2202-02-110-3199-41048-921-11-1-0,1,04-Jul-18,3651,928446,618964,0,0,309482
BLSHFW002,"Chief District Medical & Public Health Officer, Balasore",12-2210-01-001-0308-08001-154-11-1-0,4,20-Jul-18,3805,10000,0,0,0,10000
BLSPRD002,Executive Officer Zilaparisad Balasore,17-3604-00-196-3098-78606-000-42-1-0,1,20-Jul-18,3790,298080,298080,0,0,0
BLSHFW007,Medical Officer Community Health Centre Kharia Soro,12-2210-03-103-1092-01003-855-11-1-0,1,02-Jul-18,977,1007000,998260,0,0,8740
BLSEDN037,"Block Education Officer,Oupada",10-2202-01-102-0977-41048-921-21-1-2,1,17-Jul-18,733,1057725,705150,0,0,352575
BLSSSE001,"District Social Security Officer, Balasore",41-2235-60-102-2097-38008-000-21-1-2,1,26-Jul-18,3874,3315000,0,0,0,3315000
BLSHFW020,Medical Officer Community Health Centre Jaleswarpur,12-2210-03-103-1092-08001-506-11-1-0,5,21-Jul-18,286,50000,0,0,0,50000
BLSEDN030,Principal Dist Institute of Education & Training Remuna,10-2202-80-789-2915-01003-156-23-1-2,2,16-Jul-18,3740,61000,0,0,0,61000
BLSCOP005,"Assistant Registrar of Cooperative Societies ,Nilagiri Circle",34-2425-00-001-0144-09001-000-11-1-0,1,04-Jul-18,704,86000,86000,0,0,0
BLSEDN037,"Block Education Officer,Oupada",10-2202-01-101-0556-06001-000-11-1-0,1,31-Jul-18,775,1000,0,0,0,1000
BLSEDN010,Head Master Baghajatin High School Orangi Balasore,10-2202-02-109-1261-01003-403-11-1-0,3,17-Jul-18,3750,15000,0,0,0,15000
BLSEDN037,"Block Education Officer,Oupada",10-2202-01-101-0538-01003-523-11-1-0,4,04-Jul-18,713,9000,0,0,0,9000
BLSEDN056,"Principal , Women's College, Nabara",10-2202-02-110-3199-41048-921-11-1-0,1,04-Jul-18,445,1092732,668987,0,0,423745
BLSEDN041,"Block Education Officer,Balasore Sadar",10-2202-01-101-0538-08001-506-11-1-0,1,19-Jul-18,3781,5000,0,0,0,5000
BLSEDN038,"Block Education Officer,Nilgiri",10-2202-01-102-0977-41048-921-21-1-2,1,17-Jul-18,734,888798,592532,0,0,296266
BLSEDN035,"Block Education Officer,Khaira",10-2202-01-101-0538-08001-506-11-1-0,1,19-Jul-18,1076,5000,0,0,0,5000
BLSEDN043,"Block Education Officer,Baliapal",10-2202-01-101-0538-01003-403-11-1-0,3,04-Jul-18,451,1180000,561036,0,0,618964
BLSSSE001,"District Social Security Officer, Balasore",41-2235-60-796-2097-38008-000-21-1-2,1,28-Jul-18,3884,2628000,0,0,0,2628000
BLSWEL001,District Welfare Officer Balasore,11-2251-00-090-0372-20002-000-23-1-1,1,20-Jul-18,3789,3765000,0,0,0,3765000
BLSEDN042,"Block Education Officer,Basta",10-2202-01-101-0538-01003-156-11-1-0,2,04-Jul-18,448,3884000,0,0,0,3884000
BLSHFW012,Medical Officer Community Health Centre Basta,12-2210-03-789-1092-24002-000-21-1-1,2,02-Jul-18,437,250000,0,0,0,250000
BLSFAR005,Farm Officer Veterinary Livestock Breeding and Dairy Farm,33-2404-00-001-1383-20002-000-21-1-1,1,25-Jul-18,3840,850900,0,0,0,850900
BLSEDN017,Head Master Kailash Chandra Government High School,10-2202-02-109-1261-01003-156-11-1-0,2,17-Jul-18,730,81000,0,0,0,81000
BLSWEL003,Head Master Government High School Banabhuin Nilgiri,11-2225-01-277-2365-20002-000-21-1-1,1,13-Jul-18,745,23486,23486,0,0,0
BLSWEL001,District Welfare Officer Balasore,11-2251-00-090-0372-20002-000-23-1-1,1,30-Jul-18,3886,460440,0,0,0,460440
BLSEDN034,"Block Education Officer,Bahanaga",10-2202-01-101-0538-01003-523-11-1-0,4,04-Jul-18,999,25000,0,0,0,25000
BLSREV850,"Collector, Balasore",42-2245-02-111-2792-78585-000-31-1-0,1,13-Jul-18,3718,1600000,1600000,0,0,0
BLSLAW003,Judicial Magistrate First Class Jaleswar,04-2014-00-105-0145-01003-156-11-1-0,2,16-Jul-18,412,117000,117000,0,0,0
BLSWEL002,Head Mistress Government Girls High School Tenda Nilgiri,11-2059-80-800-1909-21114-000-11-1-0,1,25-Jul-18,750,25000,0,0,0,25000
BLSHFW022,Medical Officer Community Health Centre Hatigarh Jaleswar,12-2210-03-110-1016-01003-855-11-1-0,4,04-Jul-18,387,400000,351688,0,0,48312
BLSWAT002,Executive Engineer Minor Irrigation Division Balasore,20-2702-80-001-0457-01003-855-11-1-0,1,04-Jul-18,3664,134000,0,0,0,134000
BLSHFW015,Medical Officer Community Health Centre Iswarpur Nilgiri,12-2210-03-103-1092-01003-516-11-1-0,1,25-Jul-18,753,145000,0,0,0,145000
BLSPRD804,Block Development Officer Bhogarai,17-2515-00-102-3028-01003-136-42-1-0,1,13-Jul-18,264,426000,0,0,0,426000
BLSREV020,Tahasildar Basta,03-2029-00-104-1448-01003-156-11-1-0,1,07-Jul-18,458,200000,0,0,0,200000
BLSREV850,"Collector, Balasore",42-2245-02-111-2792-78581-000-31-1-0,1,02-Jul-18,3615,2000000,2000000,0,0,0
BLSEDN014,Head Master Government High School Khaira Soro,10-2202-02-109-1261-01003-403-11-1-0,3,17-Jul-18,1034,28000,0,0,0,28000
BLSHFW015,Medical Officer Community Health Centre Iswarpur Nilgiri,12-2210-06-001-0308-01003-136-11-1-0,1,19-Jul-18,739,450000,0,0,0,450000
BLSWEL004,Head Master Government High School Kabatghati Jaleswar,11-2225-01-277-2365-20002-000-21-1-1,1,13-Jul-18,428,21840,0,0,0,21840
BLSEDN039,"Block Education Officer,Remuna",10-2202-01-101-0538-01003-156-11-1-0,2,04-Jul-18,3655,4830000,0,0,0,4830000
BLSHOM009,Superintendent Sub-Jail Nilgiri,01-2056-00-101-1402-01003-523-11-1-0,1,02-Jul-18,698,50000,10365,0,0,39635
BLSHFW012,Medical Officer Community Health Centre Basta,12-2210-03-103-1092-01004-000-11-1-0,1,02-Jul-18,435,1000000,0,0,0,1000000
BLSWCD009,District Social Welfare Officer Balasore,36-2236-02-789-3341-20002-000-23-1-2,1,03-Jul-18,3645,70666,0,0,0,70666
BLSEDN027,Head Mistress Government Girls High School Remuna,10-2202-02-109-1261-01003-136-11-1-0,1,17-Jul-18,3742,1941000,0,0,0,1941000
BLSWCD009,District Social Welfare Officer Balasore,36-2236-02-101-3341-20002-000-23-1-2,1,03-Jul-18,3644,211997,0,0,0,211997
BLSWOR001,Executive Engineer Mechanical Roads & Building Division,07-2059-80-001-0442-01004-000-11-1-0,3,27-Jul-18,3852,13000,12880,0,0,120
BLSHOM005,District Probation Officer(Aftercare Service) Balasore,01-2235-02-106-1104-01003-136-11-1-0,1,28-Jul-18,3868,680000,94164,0,0,585836
BLSREV851,Sub-Collector Balasore,03-2053-00-094-1400-08001-397-11-1-0,1,07-Jul-18,3679,25000,23681,0,0,1319
BLSEDN039,"Block Education Officer,Remuna",10-2202-01-102-0977-41048-921-11-1-0,1,05-Jul-18,3669,1892400,1098921,0,0,793479
BLSEDN015,Head Master Government High School Lakhamnath Jaleswar,10-2202-02-109-1261-01003-136-11-1-0,1,17-Jul-18,418,1902000,0,0,0,1902000
BLSEDN058,"Principal, Soro Women's College, Soro",10-2202-02-110-3199-41048-921-11-1-0,1,04-Jul-18,988,1282770,524831,0,0,757939
BLSEDN020,Head Master Sambunth High School Basta,10-2202-02-109-1261-01003-136-11-1-0,1,17-Jul-18,469,2060000,0,0,0,2060000
BLSSSE001,"District Social Security Officer, Balasore",41-2235-60-102-2097-38008-000-21-1-2,1,28-Jul-18,3882,6855000,0,0,0,6855000
BLSHFW019,Medical Officer Community Health Centre Baliapal Basta,12-2210-03-103-1092-01003-156-11-1-0,2,10-Jul-18,462,737250,0,0,0,737250
BLSEDN043,"Block Education Officer,Baliapal",10-2202-01-101-0538-01003-136-11-1-0,1,04-Jul-18,447,68313000,17871040,0,0,50441960
BLSHFW013,Medical Officer Community Health Centre Berhampur,12-2210-06-101-2791-06001-000-11-1-0,2,02-Jul-18,701,6000,0,0,0,6000
BLSEDN034,"Block Education Officer,Bahanaga",10-2202-01-101-0538-08001-074-11-1-0,1,17-Jul-18,1046,3500,0,0,0,3500
BLSEDN042,"Block Education Officer,Basta",10-2202-01-102-0977-41048-921-11-1-0,1,05-Jul-18,455,2607825,1690700,0,0,917125
BLSSSE001,"District Social Security Officer, Balasore",41-2235-60-789-2097-38008-000-21-1-2,1,31-Jul-18,3892,14347800,0,0,0,14347800
BLSHFW020,Medical Officer Community Health Centre Jaleswarpur,12-2210-06-101-2791-01003-516-11-1-0,1,02-Jul-18,253,9000,0,0,0,9000
BLSFAR009,"Deputy Director of Fisheries (Balasore Zone), Balasore",33-2405-00-001-1601-01003-403-11-1-0,2,30-Jul-18,3878,2717,2717,0,0,0
BLSHFW018,Medical Officer Community Health Centre Simulia Soro,12-2210-03-110-1016-01003-156-11-1-0,2,07-Jul-18,1019,100000,0,0,0,100000
BLSHFW017,Medical Officer Community Health Centre Rupsa Balasore,12-2210-03-103-1092-08001-074-11-1-0,3,21-Jul-18,3799,400000,0,0,0,400000
BLSEDN035,"Block Education Officer,Khaira",10-2202-01-101-0538-06001-000-11-1-0,1,17-Jul-18,1043,800,0,0,0,800
BLSHFW002,"Chief District Medical & Public Health Officer, Balasore",12-2210-01-110-1016-01003-855-11-1-0,1,24-Jul-18,3827,1200000,0,0,0,1200000
BLSEDN042,"Block Education Officer,Basta",10-2202-01-101-0538-01003-136-11-1-0,1,04-Jul-18,446,55492000,16906350,0,0,38585650
BLSEDN042,"Block Education Officer,Basta",10-2202-01-101-0538-01003-516-11-1-0,1,24-Jul-18,485,80000,0,0,0,80000
BLSEDN023,"Principal,Government Elementary Teacher Education",10-2202-02-105-1262-18035-000-21-1-2,1,23-Jul-18,483,100000,0,0,0,100000
BLSEDN036,"Block Education Officer,Simulia",10-2202-01-102-0977-41048-921-11-1-0,1,05-Jul-18,1010,1156926,750056,0,0,406870
BLSEDN035,"Block Education Officer,Khaira",10-2202-01-102-0977-41048-921-11-1-0,1,05-Jul-18,1009,3609753,2269042,0,0,1340711
BLSEDN034,"Block Education Officer,Bahanaga",10-2202-01-102-0977-41048-921-11-1-0,1,05-Jul-18,1008,1564500,922865,0,0,641635
BLSEDN033,"Block Education Officer,Soro",10-2202-01-101-0556-08001-074-11-1-0,1,25-Jul-18,1108,20000,0,0,0,20000
BLSEDN041,"Block Education Officer,Balasore Sadar",10-2202-01-101-0538-01003-523-11-1-0,4,04-Jul-18,3660,32320,0,0,0,32320
BLSHFW015,Medical Officer Community Health Centre Iswarpur Nilgiri,12-2210-03-103-1092-24002-000-21-1-1,5,25-Jul-18,757,50000,0,0,0,50000
BLSGAD001,Superintendent of Police(Vigilance) Balasore Division,02-2062-00-105-0308-19001-000-11-1-0,1,24-Jul-18,3826,125000,125000,0,0,0
BLSSSE001,"District Social Security Officer, Balasore",41-2235-60-796-2432-38008-000-23-1-2,1,24-Jul-18,3845,524400,0,0,0,524400
BLSEDN043,"Block Education Officer,Baliapal",10-2202-01-101-0538-01003-516-11-1-0,1,24-Jul-18,486,80000,0,0,0,80000
BLSEDN021,Head Master Subarnrekha Government High School Baliapal,10-2202-02-109-1261-01003-136-11-1-0,1,17-Jul-18,470,2552000,0,0,0,2552000
BLSEDN035,"Block Education Officer,Khaira",10-2202-01-102-0977-41048-921-21-1-2,3,16-Jul-18,1051,79000,79000,0,0,0
BLSIPR001,District Information & Public Relations Officer Balasore,25-2220-60-106-0321-01003-156-11-1-0,1,10-Jul-18,3689,260000,47272,0,0,212728
BLSREV007,District Sub-Registrar Balasore,03-2030-03-001-0308-08001-154-11-1-0,1,31-Jul-18,3919,10000,0,0,0,10000
BLSEDN041,"Block Education Officer,Balasore Sadar",10-2202-01-101-0556-06001-000-11-1-0,1,31-Jul-18,3932,1000,0,0,0,1000
BLSEDN020,Head Master Sambunth High School Basta,10-2202-02-109-1261-01003-403-11-1-0,3,17-Jul-18,473,31000,0,0,0,31000
BLSHFW019,Medical Officer Community Health Centre Baliapal Basta,12-2210-06-101-2791-06001-000-11-1-0,2,02-Jul-18,442,6000,0,0,0,6000
BLSWEL001,District Welfare Officer Balasore,11-2251-00-090-0372-20002-000-23-1-1,1,17-Jul-18,3760,60000,0,0,0,60000
BLSEDN011,Head Master Balasore Zilla School Balasore,10-2202-02-109-1261-01003-403-11-1-0,3,17-Jul-18,3751,350000,0,0,0,350000
BLSHFW005,"District Homoeopathy Medical Officer, Balasore Circle",12-2210-04-102-0646-78394-000-21-1-1,1,12-Jul-18,3707,56000,56000,0,0,0
BLSHFW012,Medical Officer Community Health Centre Basta,12-2210-03-103-1092-01003-403-11-1-0,1,02-Jul-18,434,90000,9624,0,0,80376
BLSEDN001,Assistant Superintendent of Sanskrit Studies Balasore,10-2202-05-103-1406-01003-403-11-1-0,3,18-Jul-18,3774,19000,1225,0,0,17775
BLSEDN044,"Block Education Officer,Bhograi",10-2202-01-101-0538-01003-156-11-1-0,2,07-Jul-18,259,4026000,0,0,0,4026000
BLSAGR012,Soil Chemist Balia Balasore,23-2401-00-800-1304-01003-403-11-1-0,3,25-Jul-18,3837,142700,0,0,0,142700
BLSEDN037,"Block Education Officer,Oupada",10-2202-01-101-0538-08001-506-11-1-0,1,19-Jul-18,743,5000,0,0,0,5000
BLSEDN038,"Block Education Officer,Nilgiri",10-2202-01-101-0538-01003-156-11-1-0,2,04-Jul-18,710,2537000,2537000,0,0,0
BLSEDN039,"Block Education Officer,Remuna",10-2202-01-101-0538-01003-523-11-1-0,4,04-Jul-18,3659,8480,0,0,0,8480
BLSEDN039,"Block Education Officer,Remuna",10-2202-01-101-0538-06001-000-11-1-0,1,17-Jul-18,3763,800,0,0,0,800
BLSEDN010,Head Master Baghajatin High School Orangi Balasore,10-2202-02-109-1261-01003-156-11-1-0,2,17-Jul-18,3747,103000,0,0,0,103000
BLSLEM003,District Labour Officer Balasore,14-2230-01-001-0308-01003-516-11-1-0,1,21-Jul-18,3795,3000,0,0,0,3000
BLSEDN002,Head Master Brajamohan Academy Kakhara Bhogarai,10-2202-02-109-1261-01003-136-11-1-0,1,17-Jul-18,269,2514000,0,0,0,2514000
BLSSUP002,District Civil Supply Officer Balasore,09-2408-01-101-1162-01003-403-11-1-0,3,10-Jul-18,3693,11500,0,0,0,11500
BLSSUP001,Assistant Controller Legal Metrology Balasore Zone,09-3475-00-106-0485-01003-516-11-1-0,4,06-Jul-18,3674,5000,0,0,0,5000
BLSEDN041,"Block Education Officer,Balasore Sadar",10-2202-01-102-0977-41048-921-21-1-2,1,17-Jul-18,3762,1117596,0,0,0,1117596
BLSHFW017,Medical Officer Community Health Centre Rupsa Balasore,12-2210-06-101-2791-01003-516-11-1-0,1,02-Jul-18,3636,9000,0,0,0,9000
BLSHFW007,Medical Officer Community Health Centre Kharia Soro,12-2210-06-001-0308-01003-156-11-1-0,2,19-Jul-18,1070,30000,0,0,0,30000
BLSEDN013,Head Master Government High School Jaleswarpur Bhogarai,10-2202-02-109-1261-01003-136-11-1-0,1,17-Jul-18,270,2110000,0,0,0,2110000
BLSHFW031,"Dean and Principal , Government Medical College &",12-2210-05-105-3183-08001-506-11-1-0,2,18-Jul-18,3766,916667,0,0,0,916667
BLSEDN043,"Block Education Officer,Baliapal",10-2202-01-104-0534-08001-074-11-1-0,1,02-Jul-18,465,20000,0,0,0,20000
BLSEDN040,"Block Education Officer,Jaleswar",10-2202-01-104-0534-08001-074-11-1-0,1,02-Jul-18,409,20000,0,0,0,20000
